SampleID,Year,Quarter,Month,Mday,BarcodeSequence,Aerosol_Density,CO2_Concentration,Diversity,Precip
3-5-2000,2000,Q2,May,3,CTCTCTATAACTCTCG,295.8,370.63,7,0.0130286464
10-5-2000,2000,Q2,May,10,CTCTCTATACTATGTC,221.3,372.09,9,0.0278900798
16-5-2000,2000,Q2,May,16,CTCTCTATAGTAGCGT,232.7,371.4,15,0.0570609634
19-5-2000,2000,Q2,May,19,CTCTCTATCAGTGAGT,258.9,371.3,21,0.0735125971
1-6-2000,2000,Q2,June,1,CTCTCTATCTACGCAG,158.7,372.09,17,0.085877109
12-6-2000,2000,Q2,June,5,CTCTCTATGGAGACTA,220.6,372.15,27,0.1327636816
16-10-2000,2000,Q4,October,16,GTAAGGAGAACTCTCG,283.2,366.94,40,0.1167892631
19-10-2000,2000,Q4,October,19,GTAAGGAGACTATGTC,297.3,367.03,48,0.2009894395
30-10-2000,2000,Q4,October,30,GTAAGGAGAGTAGCGT,177.4,367.75,32,0.1248676119
13-11-2000,2000,Q4,November,13,GTAAGGAGCGTACTCA,411.3,368.38,83,0.308498849
17-11-2000,2000,Q4,November,17,GTAAGGAGCTACGCAG,173.7,368.44,39,0.1632944202
1-12-2000,2000,Q4,November,28,GTAAGGAGGGAGACTA,282.7,368.65,69,0.3484758192
8-12-2000,2000,Q4,December,8,GTAAGGAGGTCGTAGT,218.3,369.86,57,0.2328202912
15-12-2000,2000,Q4,December,15,GTAAGGAGTAGCAGAC,521.1,369.53,146,0.535660298
26-12-2000,2000,Q4,December,26,GTAAGGAGTCATAGAC,403.4,369.91,122,0.5613495124
2-1-2001,2001,Q1,January,2,GTAAGGAGTCGCTATA,226.7,369.78,73,0.2871112726
5-1-2001,2001,Q1,January,5,ACTGCATAAACTCTCG,615.4,370.26,210,1.1419431174
22-1-2001,2001,Q1,January,22,ACTGCATACAGTGAGT,274.6,370.12,99,0.4493547992
25-1-2001,2001,Q1,January,25,ACTGCATACGTACTCA,222.1,369.98,85,0.4995779534
7-2-2001,2001,Q1,February,2,ACTGCATAGGAGACTA,293.7,371.29,118,0.6383603399
2-2-2001,2001,Q1,February,7,ACTGCATAGTCGCTCG,245.3,372.06,104,0.3102873442
12-2-2001,2001,Q1,February,12,ACTGCATAGTCGTAGT,154.5,371.11,69,0.3915584276
16-2-2001,2001,Q1,February,16,ACTGCATATAGCAGAC,64.2,372.03,30,0.0811256909
21-2-2001,2001,Q1,February,21,ACTGCATATCATAGAC,245.4,371.39,118,0.6043304153
23-2-2001,2001,Q1,February,23,ACTGCATATCGCTATA,220.9,371.64,111,0.3838731605
27-2-2001,2001,Q1,February,27,AAGGAGTAAACTCTCG,279.5,370.74,146,0.7379678617
2-3-2001,2001,Q1,March,2,AAGGAGTAACTATGTC,440.7,371.91,239,0.8877215563
18-4-2001,2001,Q2,April,18,CTAAGCCTCGTACTCA,362.5,373.52,204,1.1309879492
19-4-2001,2001,Q2,April,19,CTAAGCCTCTACGCAG,287.6,373.57,167,0.596463577
25-4-2001,2001,Q2,April,24,CTAAGCCTGGAGACTA,208.5,373.63,126,0.3071283559
24-4-2001,2001,Q2,April,25,CTAAGCCTGTCGCTCG,230.5,373.41,144,0.6577655939
26-4-2001,2001,Q2,April,26,CTAAGCCTGTCGTAGT,232.6,373.74,150,0.4544898804
27-4-2001,2001,Q2,April,27,CTAAGCCTTAGCAGAC,434,373.61,287,1.2237673958
1-5-2001,2001,Q2,May,1,CTAAGCCTTCATAGAC,242.7,373.8,166,0.7335560598
2-5-2001,2001,Q2,May,2,CTAAGCCTTCGCTATA,272.6,373.51,192,0.936010154
3-5-2001,2001,Q2,May,3,CGTCTAATAACTCTCG,276.9,374.16,200,0.6953292285
4-5-2001,2001,Q2,May,4,CGTCTAATACTATGTC,659.3,373.76,489,2.2235743123
9-5-2001,2001,Q2,May,9,CGTCTAATCAGTGAGT,225.7,373.85,172,0.7865116789
10-5-2001,2001,Q2,May,10,CGTCTAATCGTACTCA,253.6,373.91,198,0.8749572093
18-5-2001,2001,Q2,May,16,CGTCTAATGGAGACTA,469.4,373.05,376,1.6043786855
16-5-2001,2001,Q2,May,18,CGTCTAATGTCGCTCG,226.3,373.25,186,1.0741357081
22-5-2001,2001,Q2,May,22,CGTCTAATGTCGTAGT,295.8,373.77,249,0.955744165
24-5-2001,2001,Q2,May,24,CGTCTAATTAGCAGAC,278.9,374.2,240,1.0196083606
31-5-2001,2001,Q2,May,31,CGTCTAATTCATAGAC,396.4,373.83,349,2.208366611
8-6-2001,2001,Q2,June,8,CGTCTAATTCGCTATA,313.2,373.19,282,1.4273383568
15-6-2001,2001,Q2,June,15,TCTCTCCGAACTCTCG,362.9,372.83,335,1.3418920712
20-6-2001,2001,Q2,June,20,TCTCTCCGACTATGTC,242.2,373.5,228,0.8867152588
22-6-2001,2001,Q2,June,22,TCTCTCCGAGTAGCGT,256.4,373.16,247,1.0885374245
2-7-2001,2001,Q3,July,2,TCTCTCCGCAGTGAGT,450.7,372.62,442,1.4609818273
19-7-2001,2001,Q3,July,19,TCTCTCCGCGTACTCA,216.7,371.9,217,0.8180323759
2-8-2001,2001,Q3,August,2,TCTCTCCGCTACGCAG,286.3,370.53,293,1.3256195809
17-8-2001,2001,Q3,August,8,TCTCTCCGGGAGACTA,356.5,369.51,371,2.253611398
8-8-2001,2001,Q3,August,17,TCTCTCCGGTCGCTCG,274.9,369.64,292,0.9634730072
24-8-2001,2001,Q3,August,24,TCTCTCCGGTCGTAGT,610.6,369.03,660,2.3961469992
30-8-2001,2001,Q3,August,30,TCTCTCCGTAGCAGAC,304.9,369.15,336,1.3065098148
12-9-2001,2001,Q3,September,12,TCTCTCCGTCATAGAC,360.4,368.65,404,1.9325756903
17-9-2001,2001,Q3,September,17,TCTCTCCGTCGCTATA,410,368.75,468,1.2774990455
19-9-2001,2001,Q3,September,19,ATCGTACGAAGTCGAG,285.5,367.87,332,1.9730060252
28-9-2001,2001,Q3,September,28,ATCGTACGATACTTCG,496.9,367.5,587,3.5347522641
9-10-2001,2001,Q4,October,9,ATCGTACGAGCTGCTA,280.1,368.24,337,1.2927954936
15-10-2001,2001,Q4,October,15,ATCGTACGCATAGAGA,301.9,367.91,369,1.9476114659
23-10-2001,2001,Q4,October,23,ATCGTACGCGTAGATC,632.9,368.53,785,3.85525903
24-10-2001,2001,Q4,October,24,ATCGTACGCTCGTTAC,370.8,368.5,468,2.3096437737
26-10-2001,2001,Q4,October,26,ATCGTACGGCGCACGT,339.2,369.05,435,1.9636777105
7-11-2001,2001,Q4,November,7,ATCGTACGGGTACTAT,332.9,369.13,433,0.9723430235
15-11-2001,2001,Q4,November,15,ATCGTACGGTATACGC,541.3,369.7,715,3.4947968076
16-11-2001,2001,Q4,November,16,ATCGTACGTACGAGCA,399.5,369.73,536,2.0463952522
21-12-2001,2001,Q4,December,21,ATCGTACGTCAGCGTT,238.4,371.3,325,0.8309226176
2-1-2002,2002,Q1,January,2,CGTCTAATGTATACGC,275.1,372.98,380,1.0977705427
7-1-2002,2002,Q1,January,7,ATCGTACGTCGCTACG,335.7,372.15,471,1.891383088
22-1-2002,2002,Q1,January,22,ACTATCTGAAGTCGAG,738,373.03,1048,4.3084211855
5-2-2002,2002,Q1,February,5,ACTATCTGAGCTGCTA,505.9,372.47,729,3.8319854949
14-2-2002,2002,Q1,February,14,ACTATCTGATACTTCG,285,373.02,417,1.6260792691
6-3-2002,2002,Q1,March,6,ACTATCTGCATAGAGA,156.9,373.79,233,0.9237989981
13-3-2002,2002,Q1,March,13,ACTATCTGCGTAGATC,266.8,374.15,401,1.862446306
22-3-2002,2002,Q1,March,22,ACTATCTGCTCGTTAC,246,374.2,374,1.5854977416
29-3-2002,2002,Q1,March,29,ACTATCTGGCGCACGT,218.2,374.39,336,1.5509954093
3-4-2002,2002,Q2,April,3,TCGACGAGCATAGAGA,231.6,373.39,362,1.8942869683
5-4-2002,2002,Q2,April,5,ACTATCTGGGTACTAT,264.8,375.39,419,1.3387166885
10-4-2002,2002,Q2,April,10,TATCCTCTTCGCTACG,251.5,374.74,403,1.1432955551
12-4-2002,2002,Q2,April,12,ACTGCATAAGCTGCTA,340.5,374.1,552,1.4181018444
15-4-2002,2002,Q2,April,15,ACTATCTGGTATACGC,245.2,375.12,403,1.1279547803
18-4-2002,2002,Q2,April,18,GTCAGATAAAGTCGAG,226.1,375.13,376,1.4879687998
24-4-2002,2002,Q2,April,24,GATCGTGTAAGTCGAG,220.3,375.04,371,1.040785695
25-4-2002,2002,Q2,April,24,ACTATCTGTACGAGCA,360.8,375.04,614,2.8705073751
26-4-2002,2002,Q2,April,26,TCGACGAGATACTTCG,313.2,375.75,539,2.7773464997
29-4-2002,2002,Q2,April,29,ACTATCTGTCAGCGTT,295.3,376,514,2.6442137621
2-5-2002,2002,Q2,May,2,TCTCTCCGTCAGCGTT,343.6,375.99,605,2.8793136126
6-5-2002,2002,Q2,May,6,ACTATCTGTCGCTACG,893.5,375.44,1591,6.9361133174
15-5-2002,2002,Q2,May,15,TAGCGAGTAAGTCGAG,108.3,375.19,196,0.5345687399
16-5-2002,2002,Q2,May,16,CGTCTAATTACGAGCA,252.2,374.87,460,2.0322411982
23-5-2002,2002,Q2,May,23,TAGCGAGTATACTTCG,401.9,376.08,740,3.0255423184
24-5-2002,2002,Q2,May,24,TCTCTCCGTCGCTACG,245,376.15,456,2.5358875968
28-5-2002,2002,Q2,May,28,CGTCTAATTCAGCGTT,254.4,376.37,479,1.4995608548
4-6-2002,2002,Q2,June,4,TAGCGAGTAGCTGCTA,311.2,375.66,592,2.6880008144
24-6-2002,2002,Q2,June,24,TAGCGAGTCATAGAGA,321.1,376.24,617,2.4188173979
10-7-2002,2002,Q3,July,10,TAGCGAGTCGTAGATC,241.9,374.55,470,2.0016848094
15-7-2002,2002,Q3,July,15,CGTCTAATTCGCTACG,766.2,374.23,1502,5.9301316508
17-7-2002,2002,Q3,July,17,TCTCTCCGAAGTCGAG,384.2,374.12,761,2.4246433842
24-7-2002,2002,Q3,July,24,TAGCGAGTCTCGTTAC,293,373.85,587,3.2802958906
28-8-2002,2002,Q3,August,28,TAGCGAGTGCGCACGT,245.4,370.35,496,1.7751307496
3-9-2002,2002,Q3,September,3,TCTCTCCGAGCTGCTA,265.4,369.69,542,2.9526623847
9-9-2002,2002,Q3,September,9,TAGCGAGTGGTACTAT,260.1,371.54,536,2.440911434
18-9-2002,2002,Q3,September,18,TCTCTCCGCATAGAGA,338.5,370.13,705,2.5993688411
23-9-2002,2002,Q3,September,23,TAGCGAGTGTATACGC,644.3,370.39,1354,4.1963479178
2-10-2002,2002,Q4,October,2,TCTCTCCGCGTAGATC,283.8,369.57,602,3.36432277
6-10-2002,2002,Q4,October,6,TAGCGAGTTCGCTACG,286.4,370.42,613,2.4053998247
8-10-2002,2002,Q4,October,8,TAGCGAGTTACGAGCA,227.3,369.5,491,2.1779644022
9-10-2002,2002,Q4,October,9,TCTCTCCGCTCGTTAC,444.2,369.69,969,2.6600633091
11-10-2002,2002,Q4,October,11,TCTCTCCGGCGCACGT,865.9,369.88,1906,7.325670202
15-10-2002,2002,Q4,October,15,TCTCTCCGGGTACTAT,213.3,370.67,474,2.7003360899
28-10-2002,2002,Q4,October,28,TAGCGAGTTCAGCGTT,305.8,370.11,686,2.3508610344
25-11-2002,2002,Q4,November,25,CTGCGTGTAAGTCGAG,329.6,372.79,745,3.5534023465
23-6-2011,2002,Q4,November,29,TCTCTCCGGTATACGC,168.8,372.79,386,1.5898936618
4-12-2002,2002,Q4,December,4,TCTCTCCGTACGAGCA,296.1,373.16,682,4.1348930053
18-12-2002,2002,Q4,December,18,CTGCGTGTATACTTCG,271.2,373.5,630,2.0830639971
30-12-2002,2002,Q4,December,30,CTGCGTGTAGCTGCTA,339.3,374.48,795,2.9958199548
13-1-2003,2003,Q1,January,13,CTGCGTGTCATAGAGA,199.1,374.8,471,2.4186923188
22-1-2003,2003,Q1,January,22,CTGCGTGTCGTAGATC,1136,376,2704,9.6226632649
14-2-2003,2003,Q1,February,14,CTGCGTGTCTCGTTAC,270.7,374.99,650,2.5894932638
21-2-2003,2003,Q1,February,21,CTGCGTGTGCGCACGT,157.2,376.36,381,1.9971596592
6-3-2003,2003,Q1,March,6,CTGCGTGTGGTACTAT,304.3,376.18,743,3.2523148948
21-3-2003,2003,Q1,March,21,CTGCGTGTGTATACGC,300.5,376.7,740,3.1587998526
9-4-2003,2003,Q2,April,9,CTGCGTGTTACGAGCA,259,377.09,643,3.3637122297
23-4-2003,2003,Q2,April,23,CTGCGTGTTCAGCGTT,171.4,378.3,429,1.614864143
7-5-2003,2003,Q2,May,7,CTGCGTGTTCGCTACG,1159,377.87,2921,8.8765565733
22-5-2003,2003,Q2,May,22,TCATCGAGAAGTCGAG,253.4,379.59,644,3.47397646
11-6-2003,2003,Q2,June,11,TCATCGAGAGCTGCTA,223.3,378.72,572,1.6868100769
20-6-2003,2003,Q2,June,20,TCATCGAGATACTTCG,254.4,377.81,657,2.0728163144
21-7-2003,2003,Q3,July,21,TCATCGAGCATAGAGA,205.4,376.64,535,2.5672113618
15-9-2003,2003,Q3,September,15,TCATCGAGGCGCACGT,318.8,372.72,836,5.797224095
9-10-2003,2003,Q4,October,9,TCATCGAGGGTACTAT,221.4,372.8,585,1.6231691487
27-10-2003,2003,Q4,October,27,TCATCGAGGTATACGC,231.9,373.28,618,2.6924452664
10-11-2003,2003,Q4,November,10,TCATCGAGTACGAGCA,233.8,373.82,627,1.8465497492
25-11-2003,2003,Q4,November,25,TCATCGAGTCAGCGTT,412.9,375.63,1115,3.5254013707
12-1-2004,2004,Q1,January,12,CGTGAGTGAAGTCGAG,257.3,376.42,701,3.0022351422
21-1-2004,2004,Q1,January,21,CGTGAGTGATACTTCG,227.7,376.79,624,3.1760490565
11-2-2004,2004,Q1,February,11,CGTGAGTGAGCTGCTA,459.4,377.99,1268,5.7176665391
16-3-2004,2004,Q1,March,16,ACGTCTCGGTATACGC,359.9,378.41,1001,3.4045025287
22-3-2004,2004,Q1,March,22,CGTGAGTGCGTAGATC,213.4,378.6,598,1.8601443917
8-4-2004,2004,Q2,April,8,CGTGAGTGCTCGTTAC,306.4,380.45,865,1.7601678752
23-4-2004,2004,Q2,April,23,CGTGAGTGGCGCACGT,412.3,380.77,1172,3.0685397604
7-5-2004,2004,Q2,May,7,CGTGAGTGGGTACTAT,297.9,381.58,852,3.9785536282
21-5-2004,2004,Q2,May,21,CGTGAGTGGTATACGC,184.1,380.26,531,2.2147454524
14-6-2004,2004,Q2,June,14,CGTGAGTGTACGAGCA,167.8,378.97,487,2.0681975758
15-7-2004,2004,Q3,July,15,CGTGAGTGTCAGCGTT,258.3,377.66,755,2.08741163
13-8-2004,2004,Q3,August,13,CGTGAGTGTCGCTACG,268,376.25,789,3.3265600737
13-10-2004,2004,Q4,October,13,GGATATCTATACTTCG,438.7,374.22,1299,5.3998688282
20-10-2004,2004,Q4,October,20,GGATATCTAGCTGCTA,185.6,374.36,554,2.8721877926
26-11-2004,2004,Q4,November,26,GGATATCTCATAGAGA,537.5,376.76,1613,6.7292115948
27-12-2004,2004,Q4,December,27,GGATATCTCGTAGATC,218.2,377.83,660,2.3696982091
7-1-2005,2005,Q1,January,7,GGATATCTCTCGTTAC,232,378.23,706,2.459896239
13-1-2005,2005,Q1,January,13,GACACCGTTCAGCGTT,175.1,378.38,536,2.2635205423
26-1-2005,2005,Q1,January,26,GGATATCTGCGCACGT,255.7,378.83,788,3.1569977621
14-2-2005,2005,Q1,February,14,GGATATCTGGTACTAT,204.4,379.34,634,2.4586135185
28-2-2005,2005,Q1,February,28,GGATATCTGTATACGC,309.8,379.99,967,4.8611556589
4-3-2005,2005,Q1,March,4,GGATATCTTACGAGCA,291.5,381.65,916,3.9968697337
22-3-2005,2005,Q1,March,22,GGATATCTTCAGCGTT,295.4,381.21,934,3.1593958404
6-4-2005,2005,Q2,April,6,GGATATCTTCGCTACG,124,382.2,395,1.7628990696
22-4-2005,2005,Q2,April,22,GACACCGTAAGTCGAG,245.6,382.12,786,1.9378932247
23-5-2005,2005,Q2,May,23,GACACCGTAGCTGCTA,464.6,382.83,1497,2.3952410384
1-6-2005,2005,Q2,June,1,GACACCGTTCGCTACG,347.5,383.31,1126,3.0006310061
13-6-2005,2005,Q2,June,13,GACACCGTCATAGAGA,268.5,382.5,876,4.7423316718
1-7-2005,2005,Q3,July,1,GACACCGTCGTAGATC,270.3,381.27,887,2.8206166227
15-7-2005,2005,Q3,July,15,GACACCGTCTCGTTAC,458,381.56,1512,4.3549804304
31-8-2005,2005,Q3,August,31,GACACCGTGCGCACGT,257.4,377.99,855,3.2340840644
19-9-2005,2005,Q3,September,19,GACACCGTGGTACTAT,247.6,376.75,828,3.9233304194
30-12-2005,2005,Q4,December,30,GACACCGTTACGAGCA,224.4,380.57,755,2.8569293121
10-4-2006,2006,Q2,April,10,CTACTATACTCGTTAC,188.6,385.23,638,3.6016203068
19-4-2006,2006,Q2,April,19,CTACTATAGCGCACGT,225.3,384.96,767,3.7870220448
3-5-2006,2006,Q2,May,3,CTACTATAGGTACTAT,150.9,385.15,517,1.434021685
16-5-2006,2006,Q2,May,16,GACACCGTATACTTCG,128.2,385.16,442,1.8032902012
23-5-2006,2006,Q2,May,23,CTACTATAGTATACGC,245.4,385.18,850,3.8759212494
11-10-2006,2006,Q4,October,11,CGTTACTAAAGTCGAG,215,378.87,749,3.9846518914
21-11-2006,2006,Q4,November,21,CGTTACTAATACTTCG,595.9,379.79,2086,8.3199528853
5-12-2006,2006,Q4,December,5,CGTTACTAAGCTGCTA,358.9,381.46,1264,4.7395128087
30-1-2007,2007,Q1,January,30,CGTTACTACGTAGATC,250.7,384.59,888,3.6515788655
5-2-2007,2007,Q1,February,5,CGTTACTACTCGTTAC,189.8,383.53,676,2.2691559548
23-3-2007,2007,Q1,March,23,CGTTACTAGCGCACGT,291.7,385.25,1045,4.4926653107
6-4-2007,2007,Q2,April,6,CGTTACTAGGTACTAT,201.7,386.04,727,3.1240027268
18-4-2007,2007,Q2,April,18,CGTTACTAGTATACGC,93,386.87,337,1.9440388006
4-5-2007,2007,Q2,May,4,CGTTACTATACGAGCA,166.3,386.58,606,2.2493260083
14-6-2007,2007,Q2,June,14,CGTTACTATCAGCGTT,247.8,386.15,908,2.1192753012
12-7-2007,2007,Q3,July,12,CGTTACTATCGCTACG,535.9,385.09,1973,9.2260920854
29-8-2007,2007,Q3,August,29,AGAGTCACAAGTCGAG,791.5,381.18,2929,10.2876828369
10-9-2007,2007,Q3,September,10,AGAGTCACATACTTCG,376.7,380.92,1402,7.0901719566
23-11-2007,2007,Q4,November,23,AGAGTCACAGCTGCTA,360.5,383.09,1349,6.3899804771
7-1-2008,2008,Q1,January,7,AGAGTCACCGTAGATC,183.1,384.48,689,3.2790812246
18-1-2008,2008,Q1,January,18,AGAGTCACCTCGTTAC,181.6,385.57,687,2.1576152269
22-2-2008,2008,Q1,February,22,AGAGTCACGCGCACGT,250.3,384.94,952,5.3723019312
10-3-2008,2008,Q1,March,10,AGAGTCACGGTACTAT,325,386.06,1242,5.1416778032
25-3-2008,2008,Q1,March,25,AGAGTCACGTATACGC,405.2,386.09,1557,5.615153574
7-4-2008,2008,Q2,April,7,AGAGTCACTACGAGCA,325.3,388.24,1256,6.2500078091
25-4-2008,2008,Q2,April,25,AGAGTCACTCAGCGTT,493.7,387.03,1916,9.6989164882
8-5-2008,2008,Q2,May,8,AGAGTCACTCGCTACG,211.9,387.71,827,4.4017236674
27-5-2008,2008,Q2,May,27,TACGAGACAAGTCGAG,328.6,388.45,1289,4.7526756549
12-6-2008,2008,Q2,June,12,TACGAGACATACTTCG,335.8,387.55,1324,3.0215550232
26-6-2008,2008,Q2,June,26,TACGAGACAGCTGCTA,415,387.26,1644,6.6882909697
28-8-2008,2008,Q3,August,28,TACGAGACCGTAGATC,284.1,383.07,1131,5.4175439101
23-9-2008,2008,Q3,September,23,TACGAGACCTCGTTAC,160.8,383.05,644,2.7141854596
20-11-2008,2008,Q4,November,20,TACGAGACGTATACGC,207.9,384.13,836,4.550802924
22-2-2010,2010,Q1,February,22,TACGAGACTCAGCGTT,347,391.7,1402,4.5970509031
30-3-2010,2010,Q1,March,30,ACGTCTCGATACTTCG,266.5,390.69,1083,4.3653118978
12-4-2010,2010,Q2,April,12,ACGTCTCGCATAGAGA,172.5,391.15,705,0.8648597055
24-4-2010,2010,Q2,April,24,ACGTCTCGCGTAGATC,183.2,393.48,752,3.2234160294
10-5-2010,2010,Q2,May,10,ACGTCTCGCTCGTTAC,244.6,393.07,1008,3.9515814726
26-5-2010,2010,Q2,May,26,ACGTCTCGAGCTGCTA,173.9,393.68,721,2.9288077864
1-6-2010,2010,Q2,June,1,ACGTCTCGGGTACTAT,213.5,392.15,889,4.3407090886
11-6-2010,2010,Q2,June,11,ACGTCTCGGCGCACGT,158.1,392.82,662,2.4662862062
23-7-2010,2010,Q3,July,23,ACGTCTCGTACGAGCA,224,389.81,941,2.4514226075
13-8-2010,2010,Q3,August,13,ACGTCTCGTCAGCGTT,250.1,389.07,1056,2.737998048
24-8-2010,2010,Q3,August,24,ACGTCTCGTCGCTACG,233,388.16,988,3.6191430314
16-9-2010,2010,Q3,September,16,TCGACGAGAAGTCGAG,174.2,387.28,743,2.1028918256
1-10-2010,2010,Q4,October,1,TCGACGAGCGTAGATC,243.5,386.71,1043,4.3851647658
8-10-2010,2010,Q4,October,8,TCGACGAGAGCTGCTA,147.1,386.87,633,2.652558203
22-11-2010,2010,Q4,November,22,TCGACGAGCTCGTTAC,170.2,388.73,736,2.7114283913
17-12-2010,2010,Q4,December,17,TCGACGAGGCGCACGT,167.4,389.42,727,1.4474738255
23-12-2010,2010,Q4,December,23,TCGACGAGGGTACTAT,706.5,389.68,3081,15.8769533037
7-1-2011,2011,Q1,January,7,TCGACGAGGTATACGC,137.6,391.47,603,2.434096326
28-1-2011,2011,Q1,January,28,TCGACGAGTCGCTACG,81.1,391.14,357,0.9443562254
4-2-2011,2011,Q1,February,4,GATCGTGTATACTTCG,90.1,392.48,399,1.3995396603
10-2-2011,2011,Q1,February,10,GATCGTGTAGCTGCTA,81.1,391.38,361,0.1129454359
14-2-2011,2011,Q1,February,14,GATCGTGTCATAGAGA,166.4,391.5,743,4.5129049448
18-2-2011,2011,Q1,February,18,GATCGTGTCGTAGATC,127.1,391.64,570,3.603449055
24-2-2011,2011,Q1,February,24,GATCGTGTCTCGTTAC,95.3,391.53,429,2.394160974
4-3-2011,2011,Q1,March,4,GATCGTGTGGTACTAT,241.7,392.52,1093,4.6411914603
14-3-2011,2011,Q1,March,14,GATCGTGTGTATACGC,104.2,391.62,474,2.0714548288
18-3-2011,2011,Q1,March,18,GATCGTGTTACGAGCA,88.3,391.98,403,1.6979672538
24-3-2011,2011,Q1,March,24,GATCGTGTTCGCTACG,112,392.09,513,1.5238242059
25-3-2011,2011,Q1,March,25,TCGACGAGTACGAGCA,111.3,392.13,512,2.3921860776
31-3-2011,2011,Q1,March,31,GTCAGATAATACTTCG,167.5,394.32,774,3.0430425727
1-4-2011,2011,Q2,April,1,GTCAGATACGTAGATC,130.1,394.11,604,1.7920432647
14-4-2011,2011,Q2,April,14,GTCAGATAAGCTGCTA,194.8,392.06,908,4.8785906591
6-5-2011,2011,Q2,May,6,GTCAGATATCGCTACG,135.6,393.44,635,2.6150809954
13-5-2011,2011,Q2,May,13,CTCTCTATAAGTCGAG,175.3,392.55,824,2.1025888157
18-5-2011,2011,Q2,May,18,CTCTCTATATACTTCG,77.3,394.14,365,1.1280091038
19-5-2011,2011,Q2,May,19,GTCAGATACATAGAGA,109.6,394.72,520,2.3902609304
23-5-2011,2011,Q2,May,23,CTCTCTATAGCTGCTA,106.7,395.01,508,3.3421975051
27-5-2011,2011,Q2,May,27,CTCTCTATCATAGAGA,126.7,395.27,606,2.5866451529
3-6-2011,2011,Q2,June,3,CTCTCTATCGTAGATC,188.9,394.06,908,3.0690293185
7-6-2011,2011,Q2,June,7,CTCTCTATCTCGTTAC,223.4,394.33,1077,5.7409345047
10-6-2011,2011,Q2,June,10,CTCTCTATGCGCACGT,230.8,393.98,1117,2.8991925301
17-6-2011,2011,Q2,June,17,CTCTCTATGTATACGC,178.3,393.52,867,2.7872850287
27-6-2011,2011,Q2,June,27,CTCTCTATTCAGCGTT,120.2,392.83,587,1.6099646548
7-7-2011,2011,Q3,July,7,CTCTCTATTCGCTACG,97.1,393.53,476,2.0534837771
15-7-2011,2011,Q3,July,15,TATCCTCTAAGTCGAG,227.9,392.21,1122,3.0889462632
22-7-2011,2011,Q3,July,22,TATCCTCTATACTTCG,184.5,391.6,912,3.803295398
26-7-2011,2011,Q3,July,26,TATCCTCTAGCTGCTA,517.3,390.98,2566,11.6080015606
1-8-2011,2011,Q3,August,1,TATCCTCTCATAGAGA,312.2,392.19,1555,3.7410136207
19-8-2011,2011,Q3,August,19,TATCCTCTCGTAGATC,173.7,390.72,869,4.5275999795
26-8-2011,2011,Q3,August,26,TATCCTCTCTCGTTAC,221.4,389.56,1112,3.5708245729
1-9-2011,2011,Q3,September,1,TATCCTCTGCGCACGT,182.5,389.27,920,5.3704052085
8-9-2011,2011,Q3,September,8,TATCCTCTGGTACTAT,121.5,388.25,616,2.6263293188
19-9-2011,2011,Q3,September,19,TATCCTCTGTATACGC,177.8,388.89,904,4.8212839612
27-9-2011,2011,Q3,September,27,TATCCTCTTACGAGCA,208,388.84,1061,3.558018336
29-9-2011,2011,Q3,September,29,TATCCTCTTCAGCGTT,277.4,388.49,1421,4.5204357119
6-12-2011,2011,Q4,December,6,GTAAGGAGTCGCTACG,128.6,390.93,661,3.4990226373
8-12-2011,2011,Q4,December,8,ACTGCATAAAGTCGAG,66.1,391.15,342,1.2799574636
15-12-2011,2011,Q4,December,15,ACTGCATAATACTTCG,341.4,391.86,1769,8.4017527823
22-12-2011,2011,Q4,December,22,ACTGCATACATAGAGA,100.7,392.43,524,1.9137599334
3-1-2012,2012,Q1,January,3,ACTGCATACGTAGATC,181.4,392.11,947,4.571383513
13-1-2012,2012,Q1,January,13,ACTGCATAGCGCACGT,350.4,393.02,1837,7.1765598435
17-1-2012,2012,Q1,January,17,ACTGCATAGGTACTAT,236,394.76,1242,4.1018851586
19-1-2012,2012,Q1,January,19,ACTGCATAGTATACGC,213.6,393.01,1128,5.0561564945
26-1-2012,2012,Q1,January,26,ACTGCATACTCGTTAC,176.4,393.43,936,3.4671675369
27-1-2012,2012,Q1,January,27,ACTGCATATCAGCGTT,168.2,393.53,895,3.3821728701
2-2-2012,2012,Q1,February,2,ACTGCATATCGCTACG,203.1,392.8,1085,5.5516605379
8-2-2012,2012,Q1,February,8,AAGGAGTAAAGTCGAG,206.4,392.26,1107,2.458836367
10-2-2012,2012,Q1,February,10,AAGGAGTAATACTTCG,1243,392.01,6688,32.4257382644
23-2-2012,2012,Q1,February,23,AAGGAGTAAGCTGCTA,251.5,394.64,1359,5.1110326453
5-3-2012,2012,Q1,March,5,AAGGAGTACATAGAGA,728,394.09,3946,17.1180760357
8-3-2012,2012,Q1,March,8,AAGGAGTACGTAGATC,304.6,394.24,1658,7.2871920261
13-3-2012,2012,Q1,March,13,AAGGAGTACTCGTTAC,341.1,393.18,1863,5.4547080762
16-3-2012,2012,Q1,March,16,AAGGAGTAGCGCACGT,148.7,393.73,815,2.7686809179
21-3-2012,2012,Q1,March,21,AAGGAGTAGGTACTAT,190.1,394.89,1046,3.1750377786
26-3-2012,2012,Q1,March,26,AAGGAGTAGTATACGC,129,394.78,713,2.488360068
29-3-2012,2012,Q1,March,29,AAGGAGTATACGAGCA,192,395.34,1064,3.5325319388
10-4-2012,2012,Q2,April,10,AAGGAGTATCGCTACG,160.8,395.54,895,4.3156749078
21-4-2012,2012,Q2,April,21,CTAAGCCTAAGTCGAG,271.2,396.12,1514,7.2839929935
4-5-2012,2012,Q2,May,4,CTAAGCCTATACTTCG,83.4,396.92,468,2.1506025621
18-5-2012,2012,Q2,May,18,CTAAGCCTAGCTGCTA,124.9,397.03,702,2.9449918128
29-5-2012,2012,Q2,May,29,AAGGAGTATCAGCGTT,256.8,396.47,1449,3.8350484197
31-5-2012,2012,Q2,May,31,CTAAGCCTCATAGAGA,198.6,396.36,1125,4.2908275563
13-6-2012,2012,Q2,June,13,CTAAGCCTCGTAGATC,269.6,396.74,1532,8.2537962125
22-6-2012,2012,Q2,June,22,CTAAGCCTCTCGTTAC,258.8,395.82,1476,7.1770471253
13-7-2012,2012,Q3,July,13,CTAAGCCTGCGCACGT,205,394.73,1173,6.7147565629
20-7-2012,2012,Q3,July,20,CTAAGCCTGGTACTAT,311.1,393.84,1786,7.7611955357
31-7-2012,2012,Q3,July,31,CTAAGCCTGTATACGC,254.1,393.77,1464,5.7333712747
16-8-2012,2012,Q3,August,16,CTAAGCCTTACGAGCA,297.9,392.51,1723,4.6601815318
31-8-2012,2012,Q3,August,31,CTAAGCCTTCAGCGTT,361.6,391.9,2098,8.3232229145
4-9-2012,2012,Q3,September,4,CTAAGCCTTCGCTACG,375.1,391.74,2183,9.1027920304
20-9-2012,2012,Q3,September,20,CGTCTAATAAGTCGAG,478.2,390.61,2793,12.9843924175
9-10-2012,2012,Q4,October,9,CGTCTAATATACTTCG,275,390.98,1612,7.1269553001
19-10-2012,2012,Q4,October,19,CGTCTAATAGCTGCTA,222.3,390.82,1308,7.7941764833
26-10-2012,2012,Q4,October,26,CGTCTAATCATAGAGA,426.6,391.27,2518,10.731777697
9-11-2012,2012,Q4,November,9,CGTCTAATCGTAGATC,384.3,391.99,2276,8.5651028597
21-11-2012,2012,Q4,November,21,CGTCTAATCTCGTTAC,365.5,393.33,2172,10.3736935505
7-12-2012,2012,Q4,December,7,CGTCTAATGCGCACGT,440.5,393.32,2626,7.1224174357
