StudyTime,Score,Subject
10.636754017298333,29.67201344589172,A
10.709644989100703,28.683509747709778,A
10.765031242656162,28.406535952357054,A
10.267165939141082,29.439071894993365,A
9.136992296082274,26.987196666192776,A
11.016008284156264,28.40240317765675,A
11.572846511594618,30.483551674282683,A
11.524125181695094,29.3311111824155,A
10.422474508975222,28.448728332138653,A
10.942036527800626,29.445224555999655,A
12.575903821681145,28.994119002571086,A
9.551547419162725,30.142434313206362,A
10.962594893482121,29.986159818115734,A
11.297063381926279,28.81273897712647,A
11.716801737054839,31.38008022156317,A
10.275385890231957,27.747195872758784,A
9.249618992199256,27.44556426272513,A
11.4845419305102,30.999857092871203,A
12.34507456456815,29.652970763620846,A
12.03118249928358,29.428781333535355,A
10.421559100617554,30.358662170735794,A
10.851880468466858,28.94386796652185,A
10.100628745758284,29.763048249428756,A
10.883532318792792,29.277338049506316,A
10.72438023198333,28.336340684598987,A
11.092067967371413,28.168204517115345,A
11.261529094555817,29.751732628293883,A
12.20570236602186,30.489370343331906,A
12.099636562672337,29.119083972156353,A
12.177923423940575,29.213651607913842,A
10.66601779527899,27.869247414209408,A
10.12309189557298,28.983762986180405,A
13.695319717107694,30.58238700685958,A
9.69852752869018,29.24343046354739,A
10.018059215602868,27.955177884759397,A
11.029054900339718,31.785633340374975,A
10.633011837139986,29.15011180118215,A
10.474759199883643,28.606772641576395,A
10.260954510099879,27.29468897308633,A
11.389648956386578,30.74080198813368,A
9.661078367977519,27.75997373905703,A
10.942832700726987,29.185004008639226,A
10.737590592925295,28.135184462901883,A
11.487950291011822,28.427988941039267,A
10.895754631268817,29.498127718090924,A
11.976108506243222,31.863344983635294,A
11.690451889837636,30.090728636946306,A
12.276806967536617,29.259941312831256,A
11.211575996680734,30.422341681070407,A
12.29385765960727,28.40066204273707,A
12.121183462384042,30.07343859315283,A
12.94332125735265,30.118015792321888,A
11.39684372006372,29.583763007345734,A
12.481828861732819,30.246023831654615,A
12.41564283103893,28.244576420190256,A
9.579320315980661,26.603919858086023,A
10.8810878271277,29.633088003880747,A
12.408191506903394,30.43685042574249,A
8.900810385229011,27.853155476171654,A
9.422128147857318,28.289588334245497,A
9.871805369965912,28.2065436867558,A
11.970537040445205,28.401003948932107,A
11.019530815058014,29.929711551956046,A
8.83129895343824,27.381125952412592,A
12.40312653920184,29.212840177583704,A
9.99054079048979,28.05299561452783,A
12.357641842407977,31.23494978087572,A
9.6208779108694,28.98054409933195,A
11.330528658738094,29.32025715086523,A
10.817077821075497,30.21764011615614,A
11.892568081561624,29.380559548090854,A
12.28413744180299,30.341711120393274,A
11.931539300381544,29.83774300404833,A
10.982480492712408,28.530633800823377,A
9.727448430443555,29.556551297575858,A
10.684882354662482,29.023041128004657,A
11.967680625389542,28.83029075712116,A
11.177132710635476,29.16813377638269,A
9.281766334451705,28.09089097178337,A
10.691212730020284,29.089363017275634,A
9.465693820682565,29.349564959377318,A
13.125251849470114,29.59613048293191,A
9.031162166647457,27.968573663078054,A
10.96259643832955,28.524624231984554,A
11.957216932380128,28.535811481573184,A
10.954597687928182,29.591272586737468,A
9.693887135219894,27.946316449737644,A
11.905775740432944,29.149984290560646,A
10.097706084166973,29.057652644497644,A
9.884068910956291,26.49235693350117,A
11.438423478799923,30.156397413367007,A
10.454921947668517,27.09294653611267,A
12.260870865759495,28.39339435963372,A
10.469651779396745,29.858921961203063,A
10.662487730160343,27.513374453376954,A
10.367537239719832,28.750099227078607,A
9.912067589797616,28.35013738281743,A
10.9257187467314,29.628417760121927,A
11.391067911886356,29.78694941090065,A
11.603105973951791,29.15552723273466,A
11.605660131943887,30.797397718778832,A
10.846774524368175,28.505406274722283,A
10.862265645165637,28.633683802614655,A
12.4724984208014,28.3156529409331,A
11.352466792049249,28.990241771678647,A
12.178353227447893,31.09213684940649,A
12.54650422523375,29.43758704680642,A
12.076442487490977,28.061071124144796,A
10.475646796288297,28.455870530391433,A
10.71254324410576,27.999201152159692,A
11.092769416659765,29.611716391998343,A
11.932442337221415,29.648454603047774,A
10.093261723774713,28.038152960240556,A
7.979759207453492,27.76754195859322,A
9.765770473401263,28.29263202115017,A
10.874359910073744,28.251239885223853,A
11.127461455140038,29.275650824356006,A
11.790050726488502,27.852750879165747,A
10.530933968249336,28.269709732652277,A
10.45987373731825,28.4234032889146,A
11.63825040836457,29.97879336001964,A
9.913659862250498,27.73347582540531,A
11.22835016018291,29.71367307042378,A
12.246244454641802,28.71766259054984,A
10.793803722580172,27.988991199470586,A
10.260281196249927,27.694329888918165,A
9.66956994202963,27.522552921712595,A
11.832021393079588,28.62061048222785,A
11.359435201770888,28.562998967321683,A
10.22194640215241,27.061403431971982,A
11.71025978111727,29.474369417077042,A
12.621210673033431,30.608234483025775,A
10.600789358983883,28.245320210783035,A
10.932141646268839,28.729798157783197,A
12.153488044668002,28.75944472691217,A
11.516388571822336,30.011495560838775,A
11.250114580845132,28.327416657624642,A
9.84238918497382,28.423222430396294,A
11.404825099018815,29.172226295446634,A
11.516869176268997,30.32111445982367,A
9.839424771787254,27.612452966642007,A
10.877236672942493,29.074823850292752,A
11.806130065877465,29.221299465687636,A
11.748738860970176,30.651215593474028,A
8.693268784262283,27.45658847535248,A
10.965016659545032,29.464736537295842,A
11.351716044689882,28.499610455307508,A
10.495538625034445,28.503116390444028,A
8.908328852068994,27.84184226161075,A
12.322483898919122,29.395034948146936,A
12.916893209176765,30.301802260193213,A
9.740929854656565,27.902674683079418,A
10.17545702916542,28.128292048198816,A
10.854970745321028,29.136175344062174,A
12.805485127139217,29.08403377461883,A
11.552625843962334,28.23482469139546,A
11.019526497353453,28.113818229749235,A
11.466382433049562,30.128072249154048,A
11.263197672166015,28.31555975191472,A
11.659556934352542,28.338884444948985,A
9.688066514802758,29.079194611482084,A
11.922567570256287,29.049069626253747,A
12.05560071743415,30.364666960642378,A
11.150783185499105,30.419751189438045,A
9.277531950123299,27.25913013597453,A
10.337812409050784,28.75495566409386,A
10.353588047656496,28.4228498991516,A
11.80636286167612,28.49771860652545,A
11.54436095668567,28.24398481179342,A
10.194453676737638,28.51903208106298,A
10.831058256976704,28.61005067444855,A
10.042457902894357,30.295658097622944,A
13.190402786026551,30.276525537928208,A
11.108349242731219,27.484866059512537,A
10.061166620064652,30.411619863141294,A
9.855999419150638,29.018255883033152,A
12.144636050388993,28.99180170470496,A
10.845458386677684,29.053348469618555,A
11.604658923005479,29.374567179415436,A
10.061583825691105,28.57732404142634,A
11.607431037076179,29.246349656937674,A
12.348010140463835,29.550332501041286,A
11.165047502546502,29.49277071158609,A
11.510360024121228,28.29203589929032,A
11.583023079339535,28.67669579196638,A
9.839348888270825,29.854335871231754,A
12.258130375631643,29.51901352864706,A
10.815713377210654,29.56530475858106,A
10.940308957840692,28.356896801400644,A
11.551928796202937,30.945710909711433,A
12.012382195065674,30.071093552782912,A
9.23117327532099,28.663183012995205,A
10.255203639486748,27.75110006907571,A
10.84190040301807,27.561595121819305,A
10.116015144438922,29.482119950668075,A
9.965772211442266,29.625300694742062,A
11.096881404520461,27.953996314813864,A
10.990948779487653,29.345383504506696,A
9.823788132791975,28.918045228488143,A
10.606876780567188,28.299606496955995,A
12.003539022522872,28.22453478896653,B
11.400987811985027,27.43294673456303,B
13.482679233099446,27.828881975184856,B
12.267134574765048,27.81355178178807,B
12.26893591406572,27.201254494216002,B
12.93470778035214,27.58304334345968,B
11.135666627407085,28.011801109209078,B
10.446199144130086,26.409901685563362,B
12.191887195978587,26.81501604448129,B
11.968536509118076,29.345069989753867,B
11.57836412882316,27.933737208415742,B
11.50464186577278,26.39828365884695,B
10.053639422509477,26.61350671549764,B
12.834029545986922,28.440141016852074,B
11.20826338420953,26.97241532945192,B
9.940674951668424,27.36735736480842,B
13.030008889891736,28.603651623101186,B
13.220906084913175,27.477810820769037,B
13.487197483862222,28.588908914200804,B
10.876365534157667,28.809771317208774,B
10.118864703442034,28.05371051656751,B
12.993982677563563,28.142013369461033,B
12.685991352641409,28.840853739146965,B
10.128007425676998,27.530823646334767,B
11.601359104170248,27.703457579556094,B
11.985120656397303,29.275322771758752,B
11.514371203394532,27.362927629539982,B
10.828045871689588,26.55945629624629,B
11.523092629222216,27.5025868842827,B
12.322357433867744,28.064979460463086,B
11.905131695406602,28.377232373697794,B
13.178857689193084,27.6753720498741,B
13.520183026854255,28.82847677323212,B
11.028709011108154,28.155301353082898,B
13.818223001795118,30.348068074616783,B
12.173857276200497,26.726844753757316,B
12.807555697317849,28.407637278377685,B
12.293732079673356,28.78251009727255,B
9.910261150317098,27.943892330049646,B
11.338000873786235,27.51461508022245,B
12.749116830944693,28.47697567119232,B
11.831791565593619,29.435326602838554,B
12.235670147025296,27.96471607025383,B
11.94104806025415,29.66812959973716,B
11.785427128928589,27.637997876954014,B
12.697707069398023,28.4944066600581,B
12.354934165622637,29.716169587911466,B
12.367381231938293,28.856582921161255,B
12.911812846591197,28.59402809368013,B
12.20672154717418,28.44464650908203,B
11.444075304800677,27.98725554172865,B
12.691609144848442,28.769028389458008,B
11.912734225508022,28.3467493837586,B
10.214610960869194,27.384424158398215,B
13.418315210043575,27.836593393124833,B
11.557748794003706,28.144151662138277,B
10.937609491777662,28.075488944970765,B
13.606310520469274,27.175441944264847,B
12.409646813580288,28.72802405427012,B
11.239336815562448,27.845836905598933,B
10.606573650687155,26.95522850333194,B
12.25122689998704,29.05325615169783,B
11.396715902411458,27.074435467165845,B
10.941497498624347,26.591187467881216,B
12.773477006259602,28.740954218423976,B
12.207389080069163,27.413893317736584,B
11.039792535922679,28.84381541247551,B
10.674888665213222,25.960075289866523,B
12.291260524150204,29.15367171403163,B
12.150279670856099,28.7641329021268,B
12.836549723600212,28.65002451384864,B
13.495571882922828,28.22153839328992,B
11.343465845811759,28.085784782519568,B
11.93242694561026,28.009655378741943,B
11.032681623674002,28.04185190702028,B
13.521259722110097,29.16045262244247,B
11.102680327138843,27.263470973204512,B
11.267137503149764,27.296974391616892,B
12.317477795652133,27.076403164581052,B
11.617736038300071,27.884945454750806,B
11.494051378768916,27.342480602937005,B
11.30926654340285,28.101026423473574,B
12.484099928548382,28.457913450437893,B
11.375535831922491,27.537688141306326,B
11.829662040101926,26.607059102604655,B
11.536565369579776,25.88686192390972,B
9.801086154325688,25.99199563108175,B
10.136193432611048,27.412723788228003,B
11.980314526806923,29.072725759147545,B
12.717243778268193,26.68283024198508,B
12.213342566929654,26.536971693642542,B
13.87046512998771,29.688463719275163,B
13.121999293487615,27.64701123852991,B
12.312840426996258,28.626294875271217,B
13.055249694476522,29.463185839331146,B
11.346818662177018,26.430431197971437,B
12.384526687576304,29.15792465308139,B
11.220420104079246,25.986887760961515,B
12.712853884112684,28.358902786493235,B
10.934426818264114,29.517783283455742,B
11.615245368714975,28.335084989319284,B
9.8421514302668065,26.628938267888334,B
14.021479431870182,27.758118331346196,B
12.026363650980157,28.951365464991586,B
11.497383001675617,24.75411439500086,B
12.855048752308159,28.102928006068367,B
12.755000281377054,27.598801601524094,B
11.259767386994506,27.5565364130964,B
12.13341428323958,27.91674964998105,B
11.607325983558736,27.883688459232296,B
12.351860905080681,28.65570707016224,B
10.924294515916063,27.4329563677878,B
11.785632882617735,27.691551185024224,B
11.910945241999446,28.444328172012828,B
12.313339315363415,28.792102878157202,B
11.545536038840856,27.839349094491403,B
13.081418414512495,27.88884450337336,B
14.564301130805003,28.031412508895798,B
14.476842868821397,30.700390341848955,B
11.000888695508976,27.817230939541997,B
10.402156629213849,27.44354370272619,B
10.936374591886935,28.64932885790648,B
11.445010232404368,28.25434711505585,B
13.008193687213765,26.88234394728348,B
11.277394441982928,27.589722415731224,B
11.79697667827895,28.060383989409804,B
13.115571257615887,28.90921748703502,B
10.83391106342667,27.691250078326096,B
10.81609219078755,27.576077778207537,B
13.155400520080066,29.606027678422386,B
13.432276929233149,30.267627770646804,B
11.94700821153271,28.853115337933637,B
12.21820556519212,27.56835190952451,B
11.876181938415032,28.332696789512305,B
11.813418230644928,27.103305479784016,B
10.678208775454845,26.342319494793138,B
10.421445788346698,26.041594433788113,B
13.204399853118542,28.377420238265422,B
12.000139080667719,27.196999255756275,B
10.618230480181065,28.106084813107042,B
12.196598571864852,27.210892294295096,B
12.231496151605747,28.72435844642226,B
12.296191974267513,28.923258465380872,B
11.219618028966542,26.75006737922467,B
11.857811762522253,28.330147155587344,B
12.652740833748304,29.678019032663503,B
10.799566523729379,27.025418897727228,B
11.522349334848611,28.29658862080117,B
12.43596204924441,26.378043910438773,B
11.6092580807785,28.32055369091582,B
13.970978467444901,29.10327800776272,B
12.085316981777597,28.658776889647577,B
11.074325060246391,25.897638449799544,B
12.20336579349648,28.707340383925636,B
11.722084499720872,28.044882099744914,B
11.017172191226281,27.478896469311252,B
12.379448243048568,27.552462062834532,B
10.909440911563157,28.067254631626493,B
14.433479651622893,30.71984519558804,B
11.541299163901964,28.25628412239541,B
13.582125893240903,28.822062381605775,B
10.09515230885765,26.540770800147754,B
11.18531190237161,27.014374142066405,B
12.878510321739359,27.446017633801763,B
10.84348176339972,27.407690393808572,B
12.765844816378305,30.387883659340506,B
11.531039027254987,28.85457762794359,B
11.96251050318846,26.930839565154987,B
12.028183870545961,28.0943803377718,B
12.264327548927398,29.34565720376329,B
11.589683626767718,26.58115608963446,B
12.891102532608631,27.024060859187436,B
11.927238524379561,28.642846571324682,B
11.929325658929933,27.309457516665635,B
12.122898186018336,27.41305043900917,B
12.35540996763135,28.288371150592244,B
12.671458244517511,26.71674733989142,B
11.942365545599666,27.811924214038747,B
11.497013160664476,27.44830839444623,B
10.146723458640018,27.654930397840687,B
11.545588019380414,27.869623550788443,B
10.281986725603689,26.991362949309767,B
12.894415651314592,28.627114297152648,B
13.834344843016458,27.915146083767773,B
12.65531775851196,30.56687855142594,B
12.566032030827479,27.67020517724827,B
11.944959885275388,29.589227773704774,B
12.533089096090562,28.991271447654164,B
12.985842327914801,28.14886136634491,B
13.313591004918855,29.027460439830154,B
13.247928782545426,27.88165151879272,B
14.036696256495189,28.884489727089644,B
12.076059148527278,27.44593460145967,B
11.982238824909881,28.29523004396113,B
11.559719918585962,28.24261613510456,B
11.863729801372443,28.29997373198729,B
11.185010490783533,26.990625548166793,B
12.912429964325622,27.845910414311067,B
12.47731332351825,29.24080424451936,B
14.509930648220557,29.98598617595561,B
12.89260518438511,25.850079976772896,C
13.416932100112911,26.84639390177315,C
13.780483673010405,27.443543857766336,C
12.131103707010588,25.65355463806577,C
12.691554700882362,27.87680603509603,C
12.865990720506684,26.6743899310941,C
13.639583224316675,27.030675553378046,C
12.670321838620925,28.23409522820537,C
12.72354357552296,25.26070842644477,C
13.203679150432016,27.73921045719456,C
11.895564987029433,26.855713024831406,C
13.85013086675303,26.99325654590896,C
12.52279235763509,25.810978098294612,C
11.088170826332444,26.095526061411185,C
14.066579025656328,28.03256178169358,C
13.486809830542079,28.37695769713422,C
12.878975790759018,28.309375416893932,C
13.000292449712434,27.379330559356365,C
12.712633729980771,27.46839252049814,C
12.616760350209402,27.082710589836413,C
12.728777875154055,26.85969576354296,C
12.8366196852466,24.78143495532843,C
12.49257988259841,29.266420149155024,C
16.693404409702516,29.75262105382166,C
12.995001767765466,26.25899049627469,C
14.225206642335792,27.4367540878284,C
12.395189564851776,25.791358383125804,C
12.783130479556302,26.718097610067783,C
15.474776498064342,28.764350571007434,C
13.552132075761186,26.856052548446627,C
12.720542173189706,25.662256420660068,C
11.985226559567899,25.358968733480886,C
12.424935719430787,27.77936445817693,C
13.016201629667407,27.324428486550648,C
13.02875287060103,24.430708962118274,C
12.545259246478802,27.210800903610096,C
13.164856597668544,28.837601865093802,C
14.505802666686785,27.619075754328996,C
12.429962421865472,25.956480704884115,C
13.04327067263361,26.02450411413645,C
12.42745742279575,27.404869377041745,C
13.018076335354401,27.68469645189015,C
12.60026891901323,26.744799510386212,C
14.616194519172126,27.809765685445527,C
11.52261718367877,26.21165095660895,C
13.64986617856343,26.46223977640974,C
12.250523032456277,26.04051669650689,C
13.039181806501446,26.696772875354043,C
14.010612545123884,28.24358806739025,C
12.281209672110062,27.213993640406166,C
13.726608400959664,27.68017000689279,C
12.382008156876243,26.429910291518357,C
14.046574432202304,28.09147024338935,C
14.18951638324851,28.490649409521023,C
14.101168780863201,27.987543312511985,C
13.202104865574427,27.834138497670978,C
12.68335049959949,27.178744816036723,C
12.834887489631132,27.98116654877857,C
11.609720210422378,26.67672670672117,C
14.169142171311625,27.081437359636332,C
12.165855395350274,25.593641339174912,C
12.596324643275826,26.50126290206715,C
11.83109634999043,26.157187334806807,C
11.364946615505453,25.803974090503527,C
11.794381405432773,26.305587916522885,C
11.961254505413764,25.62628332277531,C
12.627658854687713,28.22443657627932,C
13.063260684184018,26.489157124110505,C
13.4429693032677,28.361256656625176,C
13.035246026885797,27.548321874455723,C
12.938272694805658,23.904233436054923,C
13.388939705855258,27.140484926791974,C
12.294699500889763,26.60992401647684,C
13.38822472911094,26.712767178927084,C
14.680981451491231,27.905200300140407,C
13.081282569049685,26.928533765024568,C
12.899925460125763,27.99499384409173,C
13.302202140058268,27.592056615744454,C
13.181375115593026,26.563151180284642,C
13.615522521857333,27.05146804500577,C
15.774289352403526,27.818096038686598,C
13.56598301864761,25.12040729236201,C
14.118808925971402,28.04700133480712,C
11.886171676238241,27.126422663834475,C
12.535599403144277,28.26921328487266,C
12.40511605958234,25.896705635016183,C
11.14238605845725,26.34339057413579,C
11.376419599895401,26.284072863810696,C
13.108735538513429,27.585585329344504,C
12.671656219074148,26.55941719338132,C
12.033505858282584,27.21158851605065,C
11.238254099544795,26.803962566570938,C
12.897393107297594,28.79499847358043,C
13.860625549228498,26.521305880091425,C
14.986430987769214,28.834250551358547,C
12.629105141761178,26.744123433200937,C
12.828972091786099,27.254755575331025,C
14.165828465116974,27.036712991461954,C
14.621477420633992,27.53813300544945,C
12.825412816175579,28.64946793038374,C
11.286148391363703,26.289398093686668,C
12.601029198145406,26.374488079582484,C
12.898002692292106,25.760472223956626,C
14.514357238207339,27.689155432740655,C
13.37442491810743,28.249079440479456,C
13.35752136289139,27.927915031402218,C
11.799563104752217,26.824998824816888,C
14.633119326514478,27.80314756696009,C
12.987850707210583,27.46680442695284,C
12.703023624762967,26.407304866836782,C
11.968161554910148,25.95340439079208,C
13.53019435706845,27.655700925521867,C
14.311996101646024,28.647341527915216,C
13.339074712173108,27.196411876518347,C
12.565789099837987,27.21157001850921,C
11.695210066835644,27.4950208445432,C
13.647177988514972,26.053797512999168,C
11.761005645567149,25.428917728467642,C
13.468785261019057,24.724007141984032,C
11.715115642827039,26.503552860055876,C
13.98110765161612,28.26036766580882,C
12.306097039020267,26.16617859142427,C
11.23634336417961,26.03727018421879,C
14.237936400188342,25.907783988616185,C
12.76667957015811,26.681793701035044,C
12.657958788485754,26.76880048807032,C
12.250937487332049,26.720035797962964,C
12.585134917979012,25.28562292910928,C
13.781309179355006,26.369942276395513,C
14.14899981773004,30.061097053112967,C
13.568569054843893,27.54777521023657,C
10.770268155445091,26.565860304701246,C
12.422263019516542,27.235379971725788,C
13.585814673387812,27.56964685181732,C
12.728867053210045,26.097271955286335,C
14.191381332547456,27.07288099630873,C
14.023116759556842,26.38364863098895,C
12.167937402085071,26.681873923554647,C
13.451602086870032,27.358349435671467,C
12.339381162231902,26.62813181028902,C
13.908093657481942,27.661212530427026,C
11.509977159633651,26.484857057057027,C
12.610738888376396,25.656872226749243,C
12.063970250638686,25.714025407737385,C
11.143689410977023,25.364420577206328,C
13.56863477057145,27.214113871106875,C
11.478571990577551,25.716751101335227,C
12.701590744965747,26.013831239633436,C
10.928647517020579,26.74084085429096,C
12.831096502992693,26.552869928856268,C
12.781118007930269,26.650114023265893,C
11.889960429130943,27.289608468902966,C
13.76853380669277,28.190354915304106,C
13.853299355242324,28.647447396849863,C
11.691593443494655,26.95837070109998,C
13.430512953813995,28.05732915809729,C
14.919976278137632,29.132788883289273,C
13.197549930678791,26.715365897870083,C
13.87443071356255,28.33976963659024,C
12.864357201689451,27.306665273232582,C
14.721993096546022,26.646614901670432,C
13.8870755185842,27.878687283648794,C
13.35078748219588,27.226032341676344,C
13.274293795329452,26.877346124839626,C
13.609783093085225,27.437368435950376,C
13.337532727379745,27.13488511183185,C
12.95884981946534,27.079920374561336,C
13.858019347985827,27.00619083912945,C
12.090775722038337,27.807771985296363,C
12.908170995250849,27.812763626940686,C
12.280746669598221,26.608241090146297,C
12.630819598192836,25.50715219468868,C
11.684197784489523,25.957922745334187,C
13.31796565846863,25.903851813084877,C
13.61261985907845,26.54901419539081,C
11.134188558829075,25.56300241343237,C
10.596944398131875,26.551164744364236,C
12.97972914455983,27.239615996925224,C
13.695538596453165,28.172480156693148,C
12.279562587560218,26.65181193831562,C
11.242151740351972,26.585538632731016,C
13.875588622715366,27.336602777283414,C
14.976195573396978,27.99900752789571,C
14.92480104983127,27.631770820623835,C
13.72119231699672,27.2939325215745,C
11.83730008067632,25.305060354925658,C
12.943350371217516,26.39610186122984,C
12.878109039434786,26.552931210465033,C
13.58847346427632,26.79336349445271,C
12.285188040202698,26.875343457446878,C
12.206268863082801,25.979194826854012,C
14.367606369371266,27.514593636321933,C
13.848942053478591,28.28855772731631,C
13.330431467679988,27.63851840195758,C
13.545541664593397,26.44628680780224,C
14.857959255494336,27.531346238261765,C
14.10778090497243,26.890058827648843,C
12.673084761252973,25.876008857995878,C
13.548511007762405,28.36449068221526,C
11.792512379943556,28.517033158119236,C
14.090052508137521,24.78896818265327,D
13.97767737523307,25.6959030052061,D
13.147076527931356,24.384874716437757,D
15.522192078968441,25.690789861226534,D
13.3877459335339,24.69687960480716,D
13.349233933274595,24.86458385254124,D
12.952059965128264,25.63922124677254,D
13.933565966698785,26.271661172390857,D
14.960905783036658,26.886931411700147,D
15.219083054986724,26.008438899234886,D
13.31905540722624,26.261620866072576,D
15.260470250945847,26.799515184927053,D
12.799462319991733,27.217189308482453,D
16.005956715860144,26.223983139930755,D
14.56547975623064,26.841529220990402,D
13.020456913897457,25.680129759015777,D
15.257470482668364,26.79407906661425,D
13.075369231296518,25.708918921622857,D
13.381663256425805,26.12395299319649,D
12.899162738528403,26.055328550283964,D
13.001109867562906,25.613924539850316,D
14.152557083471741,26.421851821130325,D
15.096638365256938,25.4530097892225,D
15.853919965510809,25.787922052667305,D
14.069454245546696,26.06555965878634,D
15.647230266524288,28.901520511562044,D
13.779879201216369,26.667231761951623,D
13.157919077828973,25.56695208505797,D
16.00668916296854,26.54058226625278,D
12.968543262509993,24.760773010276814,D
14.858549294805236,26.282041966094408,D
13.746703578849019,25.28749874448948,D
14.140902572300249,25.357788263897383,D
12.946479678799786,25.29640751350105,D
14.70810355741678,26.8765470771112,D
14.850790353611075,26.28018481746621,D
12.765551851665377,25.0172751076257,D
13.400420229405672,25.65578874570939,D
15.330370318205755,25.97562343824986,D
15.051223794840103,26.041537362969567,D
12.29927423355826,24.383144347633607,D
13.369926375190719,26.928450679704042,D
13.998250401779185,25.69004439861671,D
12.19086447533115,24.00838323074008,D
13.294703946744416,26.72657287412099,D
13.50697336080537,27.363010575954092,D
14.24084060988029,25.646682423668807,D
15.671058182511896,26.281272047893157,D
14.225147081691022,27.826948652829287,D
14.183726938887036,25.690827300605754,D
14.933683625329294,26.978058106037224,D
12.782977249476577,24.398922713184398,D
14.624930820950702,26.429904675529578,D
13.250149879861652,26.39601228136119,D
13.953552436058308,25.361528686845194,D
14.884917526096775,25.003196242536987,D
15.766798224001857,25.962902805878752,D
13.83621353835191,26.024050257234475,D
14.569819464733143,26.562315013316883,D
13.385720581655502,24.087609412380843,D
12.254382584023375,24.367869648913903,D
10.999161712666293,22.805768357473042,D
13.50438035042408,25.406561572660628,D
15.11723003169036,25.783398345179688,D
14.222256998639493,26.78434937584787,D
12.493723284272152,26.004916538812335,D
14.150731500339926,27.252447317056077,D
13.190026370782853,26.343333506591918,D
13.830224575843681,24.80849107646623,D
14.207756986042586,27.057166318076405,D
14.774064004938225,27.619339907467843,D
16.147213383876178,26.266398733471483,D
13.935604124423108,25.69600644782541,D
13.516508832101334,24.970237308177577,D
14.53713696197953,25.24263493003103,D
12.883119659850703,26.217030053375964,D
14.212628401333731,24.200147364616335,D
13.077719057773443,25.001262365963544,D
12.749470253685596,25.436902311894613,D
13.614096824300312,25.722949658932244,D
14.16360317577721,26.121522972094564,D
14.75362454843739,26.537310951985393,D
12.923262131039223,25.40646816760414,D
14.858525708990362,26.90236566471463,D
13.60216803359356,26.151106157592775,D
13.219206106483952,25.31266038825883,D
13.153624847454195,27.550017241850966,D
14.918718257471877,26.577833497642008,D
13.558282639248706,23.772803228243376,D
14.174497346879633,25.88254652243551,D
13.978824337784705,24.728767410636856,D
14.486045957843071,25.499590393531037,D
14.56282112999648,27.169581992129416,D
14.318470617275128,26.377257751231685,D
14.37330570457959,26.26741587172036,D
14.19687889826358,25.657272708382354,D
14.660821097191823,27.20560830357129,D
14.320691056675333,27.628891417744484,D
13.808050935015396,26.913874973898473,D
15.538756836620697,27.819353408144366,D
14.465067313459144,25.33294569075984,D
10.958902311725875,24.072134560548207,D
14.26214440372185,25.416995959215416,D
13.784087453748445,24.635141275679707,D
14.418158165358438,25.631791831798026,D
13.416291839022579,25.464491054081407,D
13.5859794987618,26.602310908657863,D
14.59402503735124,25.783698947467443,D
12.093001146993254,25.54268681798635,D
12.675896317942946,24.732483268639957,D
14.214688327083806,26.91617905076985,D
14.583530026864572,26.180269406109478,D
15.241342837805448,25.799022472820898,D
13.891643024088477,27.282602284952315,D
13.356603044290328,26.70122456571499,D
13.86549717020755,25.713750584345604,D
15.13652694766932,26.731920353011827,D
12.801436463203586,25.077939475609345,D
13.269897146698774,26.792382262067083,D
14.35202773218062,25.9845652833988,D
12.786342813204245,24.095907871998037,D
15.328469015349468,28.454759692310503,D
14.24718376894742,25.946315320272152,D
13.148040720698623,26.12659209389416,D
13.371969638395342,26.362635687696578,D
13.46272272988706,25.485432015174847,D
13.847577321028197,26.516440054779107,D
15.801385653207609,26.87323955348652,D
13.368991304458564,24.579908911013376,D
13.723525205004105,26.68321714129741,D
14.196190577733713,25.70201383291556,D
11.731452322435727,24.13291261352053,D
12.663473862014598,26.797743103459272,D
12.937878754564426,25.852980926937164,D
14.147831840680409,26.508315298316234,D
14.487363556892955,25.75342790467255,D
13.904783234601755,26.824425288953876,D
12.359908065938999,25.860972931763445,D
14.215194361686713,24.556055564078967,D
11.741579253400905,25.06375119307077,D
15.281142758349084,28.606627346746677,D
16.057800195538338,27.356639225870524,D
14.47182449519305,25.972643420797937,D
15.71354588345436,26.171491245933435,D
14.162601648263166,25.96785203540548,D
14.94130394519884,26.812875100749757,D
13.692405288348562,26.993001368464228,D
12.51448194823584,25.346330767128553,D
13.653635851280708,26.30021373949667,D
14.511821237586641,24.77327648379063,D
13.900436441739137,25.317700315548368,D
13.860166134043132,25.688911747290415,D
14.79086860887487,26.839927143362402,D
12.533031615215574,25.62034940891955,D
12.975420403772182,27.298396680288125,D
12.17997965514358,26.00530456802258,D
14.668481253534253,27.274538304864674,D
14.800028880983062,28.075733092182332,D
15.463663514335884,26.888731944308287,D
14.92064802717435,26.647446312293553,D
12.978742039504278,24.82099747670424,D
14.233523738935865,27.4116738476841,D
13.697562413262554,26.870881088328787,D
13.31216236389628,25.503433225612135,D
14.660528280485142,27.154701383023685,D
13.640804233640122,25.67366570968402,D
14.967069789123684,26.091772495501733,D
14.334043084305257,26.44087985621675,D
15.013542464361368,26.776206661250235,D
14.62187241880785,25.18505719099007,D
14.570390291609193,26.34056274957369,D
15.582521701863602,26.730602792593455,D
14.421820565904643,26.45038320407021,D
14.204511096725529,27.176565935523897,D
16.119399081662824,27.869695249685687,D
13.68165417448063,27.7254123623364,D
13.42416870043451,24.500605004562697,D
12.471970363730454,24.546801107617178,D
15.019360933033177,28.07141996814826,D
14.15835283792363,24.749860330353126,D
12.599679724344817,24.785977441662343,D
14.350728561219714,24.254925313225527,D
12.182097071744684,24.17702343915205,D
12.787970446921845,25.61338740717888,D
14.884446970972398,27.2051388582324,D
13.39283260445673,25.320924534265746,D
13.315253817145376,26.024020678124145,D
14.12950078148387,25.715790773825724,D
14.887077904394776,26.948543731861733,D
14.84726322986683,25.852598236474883,D
13.39258206801454,25.297449422051034,D
14.588386030140697,24.878321692095092,D
14.975292555092473,26.80014328240908,D
14.42429084550556,26.267323506543647,D
13.629101246896575,26.524213437666457,D
13.993090826133056,26.468070239687613,D
15.256807225450345,26.254015300680894,D
15.489841940848383,25.537679924018974,D
15.058180537436668,24.732262373512633,D
13.555356896865883,26.01762307686314,D
14.566700909779438,24.718597225179103,E
15.183477072546605,24.17738726348661,E
14.302227548943424,25.03398535152104,E
14.097860255542725,25.09566858829406,E
14.973265765309222,24.52832243329226,E
14.570401258874021,25.750218840307546,E
13.832573176976526,25.657556893467646,E
15.25657667362749,26.142543808813734,E
14.079424842876364,25.043525910382012,E
14.199289204938774,23.647977675800607,E
15.557335699658287,25.46804929480552,E
14.047388517987397,24.662547745315877,E
16.02115548742456,24.75983392988031,E
13.825151013027384,23.730821777318813,E
16.43099606758512,25.38309512335039,E
13.659740920073222,26.524077047484546,E
16.60072838532946,25.29246041727904,E
14.63926169662508,24.892620525650564,E
14.67697698785435,24.45646436424643,E
13.884246258448117,23.190199442352828,E
14.225337067634968,23.444670338479746,E
15.269510150120245,25.998874996845387,E
13.730929854403309,25.013234670768917,E
16.36319240791632,26.43075830947848,E
14.052393294738742,25.532531374161906,E
12.90797958824696,23.7873355852127,E
17.184470054851204,26.869627459560647,E
14.92856465524088,24.66488218428424,E
14.197975078018445,24.823990658249173,E
16.155933399128457,25.444525559011474,E
14.08636536003999,23.57143031559063,E
13.907985034033128,25.545745674952073,E
15.525026040637037,26.087228256513885,E
15.80492173196352,23.837315564171035,E
15.201267717531069,24.913000065216202,E
14.560112032804419,24.25219362776711,E
17.078695309114906,27.614439197262335,E
15.552632499942991,25.885641400314366,E
16.387371411352696,25.45555641459282,E
13.904205366748535,24.347244096634682,E
15.035897455602631,24.067372779746847,E
15.61184905704754,24.773307785918508,E
15.604229376111348,25.646478989305965,E
14.658538715221184,25.050861986931967,E
14.54716506100906,24.516353459449807,E
13.380800848437506,24.288196913337313,E
14.871139683978402,24.116606013650408,E
13.920082995982764,26.126213466494065,E
16.259268875401972,24.15882929220607,E
14.146238619631621,24.04030702735842,E
13.772815076262777,24.359896719733722,E
14.374598673756276,25.480303763277057,E
16.88657840473153,26.53603065781345,E
15.691252840195098,25.14743594450192,E
14.207501583681124,23.021172341892047,E
14.283467150065078,24.27973705403006,E
14.65476277471165,24.121387255584395,E
13.654880062429296,22.644609491467858,E
15.534570888554748,25.79906288428493,E
13.98994748821302,25.288866130785557,E
14.981394211543746,26.998047321474658,E
14.327345104983522,23.04496478100111,E
15.075258405283225,26.30019670515391,E
16.616848756330572,25.099423097502193,E
15.363597205396566,24.557396287544876,E
16.725194701451805,24.93052803745007,E
14.046130353525463,25.26771160130353,E
16.28894987385668,27.297021146558265,E
13.488453834851317,23.168084725448423,E
13.975636035324591,23.975058075586503,E
14.161352830483215,24.006873598040716,E
14.163958120130701,25.233672458576734,E
15.256459168222555,26.04407996488041,E
13.248929311634353,24.75823241638563,E
14.807872179542509,25.30375772410494,E
15.357325057547538,25.137059294362917,E
15.707239984127977,24.09390824993705,E
16.84017952833022,25.7643992700411,E
13.04580775871409,25.199400713252743,E
13.477612062943864,23.811681890799782,E
16.251918466530675,26.2073049851385,E
14.788926278569594,25.173952180179764,E
15.409200447584853,23.673823612946002,E
14.387652827966813,24.223136323732405,E
15.730102225602586,25.016493638145086,E
14.813415225637304,24.19943289209418,E
15.288905154691989,23.86941633875774,E
15.119717466786787,24.389800472012645,E
16.28970912018476,24.058138817378413,E
15.195727010368296,24.33963241620929,E
15.441774595337964,25.065524124700875,E
15.341793575082578,25.185220251897636,E
15.34308235477636,24.519067034667753,E
16.566211353315705,25.59585590977108,E
13.948495658147946,24.769698335912953,E
13.20156189964105,24.40486614109642,E
14.77372592698756,25.678852523226418,E
15.256462842608311,25.209565340695352,E
13.99011276651921,25.16983719491939,E
13.945014490378576,24.935169685364205,E
14.53563476597806,23.783373660956045,E
14.880098783480545,24.00363228621589,E
15.042007602237447,25.32389815663859,E
15.943223944929198,24.33122023361199,E
13.708384868358376,23.42937553234745,E
14.597568538649929,25.417696334835483,E
14.663525885448518,25.341221124981,E
15.645836673555756,25.56931053373212,E
14.402205134803646,24.89628820860118,E
15.032219606663523,25.05104900646769,E
16.294034834278058,24.26142514666038,E
16.671084319597554,25.603738202522216,E
16.690607995416233,24.88288817960838,E
15.211425634883181,25.040854583516058,E
15.551038918902325,25.3382894839321,E
15.410392582412115,25.566568129087727,E
14.88965000487617,24.75509877103832,E
15.111131399629155,24.138516707905964,E
16.674087900510706,25.213724081834215,E
14.137947971079264,24.92947264758792,E
15.194692211599467,25.096966637219992,E
13.709740445439209,25.43102004615204,E
14.676157922615484,24.14518520360172,E
15.69781714050133,25.50727734524308,E
16.320553871636385,25.59969665439194,E
12.986378881827553,24.0067045945797,E
14.446986639648285,23.49837425088429,E
15.419502960451176,24.98452497076179,E
16.51250105463163,25.732519308501274,E
13.913448903048327,24.574735486385865,E
15.413261130484262,27.653048707141068,E
14.283383275747676,26.03709099588231,E
15.34649562803325,25.075457713989774,E
14.096155604043888,23.803807690046067,E
12.686039746536357,23.373276360767015,E
12.947151804731199,24.00710427987363,E
14.454023009911504,23.882460916354457,E
16.044821317669086,26.695927304811647,E
15.567608015779497,27.7414703207058,E
15.664461176062856,25.37953196716604,E
14.621386019187085,24.56298400958302,E
15.898892103905746,24.47058848985315,E
14.831045444672899,25.152862181571827,E
14.938912729843864,26.229496797316493,E
15.366065535126474,25.10698711618275,E
15.658387837759745,24.189995203043875,E
12.991452702731394,24.07916709447769,E
15.082967049293458,25.12882296658041,E
15.169673064087622,24.76803850162604,E
16.294008884938194,27.828790456032365,E
16.236645398491362,25.13438199355179,E
16.2951632068494,26.662446562531375,E
14.336546792387905,24.353187305828136,E
14.91936220755905,26.15893220820017,E
16.18922314826387,26.535477405624373,E
14.736497288622562,24.172864834268317,E
14.601240156453233,24.762555548374483,E
15.82547060142213,24.071531150234662,E
16.457904829971753,25.16801952786601,E
14.797989283269787,25.046241645457634,E
13.661778009349241,25.131976210132493,E
17.02703657531041,26.992701791828072,E
13.749817774756854,23.128392780204855,E
14.342022575548802,24.801048668447173,E
16.801952828669634,26.767582569553703,E
14.361034687303437,24.58968926368253,E
14.244887000056362,23.705871856391347,E
14.687614024331115,25.319551762783764,E
14.295730547644581,25.419760557325496,E
15.054090708624535,25.291123739630436,E
15.621648960043746,24.04820543283701,E
14.588025579456776,24.449753208373693,E
16.597802359420445,27.36858279277864,E
13.51856268945053,25.591681185703283,E
13.811350903650453,26.070168156238942,E
15.087624179151394,24.880128495595216,E
16.926260119937552,26.434136164213392,E
16.562570394359398,25.718465580040693,E
16.59913047131858,25.505010141567002,E
14.77267771169285,24.182420263744874,E
14.678408830252243,24.85294667428046,E
14.676667495645471,25.678902307723376,E
15.765681927740072,25.125614645741702,E
15.640188339235314,23.241141229059437,E
16.48924325400762,26.571123015873813,E
15.283964230218421,24.83144293768052,E
15.486728310300041,26.48246208815799,E
16.025455771015565,26.31013642957054,E
14.9995341854767,24.305841288657565,E
14.51184907846875,25.06728961846806,E
14.462678328752446,24.320913074308425,E
13.806397307945144,22.63851409246734,E
14.718230008669732,23.911450865522504,E
16.237345105150542,26.910351288811857,E
14.995918182256286,24.4725868626982,E
14.66692135910137,24.63118135590679,E
14.419822909427864,24.819350128209397,E
16.32154371726893,25.377340323233547,E
13.97452722715349,25.38832284831658,E
16.250868341048168,26.164150596175716,E
14.87727560312085,23.976902094822826,F
13.930882336252763,23.405022013860123,F
16.23798718520003,24.289179420691582,F
18.417747571487247,23.8287071436906,F
16.702260718603338,23.57427334452051,F
15.229137842663235,23.217502303788926,F
15.516733102380197,23.314566175045595,F
15.984507403639222,23.614094576653706,F
15.31001963063463,22.0816063482767,F
17.34758384281364,24.42362772165464,F
14.856507300129824,22.689963854952076,F
14.250723252728804,23.043839122156598,F
17.64871260209399,26.368162879506755,F
15.650401611528345,23.75429410781644,F
16.54925036004334,24.671582993375978,F
17.11853749489295,23.814810093465557,F
17.517709010344507,25.483443696421464,F
15.792579527649425,25.853550315595623,F
15.169903060328254,23.803380092214184,F
14.727240184045119,24.028735940016475,F
14.964008960396347,23.082371564006994,F
15.659230123577165,24.65151876603533,F
16.263645803460953,23.788324072831085,F
15.687338091029005,24.478284495078757,F
16.61896197277511,24.71454642905132,F
14.796167014636307,22.819453136290665,F
16.227967578950057,23.68163819530846,F
16.088235485349077,24.36500048489129,F
15.994936747582583,22.809159408203648,F
16.334095350103556,23.880123934558664,F
15.943298499788483,24.890466120406515,F
16.654240877684174,24.343552711740912,F
16.418106215323,22.7106285586166,F
15.425353537626162,24.307638877960215,F
15.742934365799432,23.04237786982304,F
16.563686921417528,23.92902616440301,F
16.948083922111806,24.754278816536605,F
14.700180834497017,24.871188098159436,F
14.982782594760826,25.065735122483197,F
17.075734421583263,24.28584675103517,F
14.210967892978235,23.106808619842038,F
17.15794162071819,25.095472991199973,F
15.95300741483102,23.54625436780113,F
16.006675124726815,24.4435604251795,F
15.691540348487608,24.783535104413517,F
16.96541922399509,25.60997436306129,F
16.887878711578296,23.797587096573444,F
16.054075657540267,25.244443723407727,F
16.581527562920197,24.671639262047904,F
15.62379457106502,22.41691901699387,F
15.200431851246499,23.09450493002466,F
15.029462277640322,22.81112608880889,F
15.104974178321758,22.544066808922555,F
15.607609242447978,22.94310855729147,F
15.599819339076276,21.88670202706686,F
16.418413170006243,24.186424628645693,F
17.2605697260787,23.849167149862605,F
14.301792745150749,22.380467563621025,F
17.416790344170728,24.528886941250764,F
17.438361991766165,22.470667245917564,F
17.628880817372394,26.937555557718618,F
16.659529301390833,23.933323214563092,F
16.143401129988163,22.40395552327881,F
16.114764393885416,25.84568137362677,F
15.10767385643934,23.997364391289196,F
14.805345694584695,23.033104144735294,F
14.782797171173552,22.517572867794527,F
15.362628164400167,23.378647790402304,F
16.839833014948706,23.6536036627896,F
14.89631650072987,22.806206797817875,F
15.368855595911839,24.37508758828675,F
15.351747495073884,24.102684306763475,F
14.891512773040944,23.963383064936934,F
17.12534992722437,25.795737340033853,F
16.316401862578694,24.997245921459136,F
15.650940518209794,22.838667034191673,F
15.87504522210463,24.53966076138478,F
16.351375857154398,25.791047348905778,F
17.121939965810586,22.924730654352864,F
15.169629650899335,23.480003540840286,F
15.81055466400008,23.609898054089292,F
14.460176150963246,22.801136763193988,F
17.455353769345958,25.243031732058714,F
15.44579947464409,23.026765780606006,F
14.172726023888004,24.845255491421828,F
16.599203522084814,24.433594049866066,F
18.685470280518935,24.171043435895083,F
16.439343504838753,23.36793261165077,F
15.162765850544448,23.191776696280197,F
15.541203421769769,24.67579622567045,F
15.864469210968473,24.05463007353969,F
15.870625185715525,24.727108914326262,F
17.374985815945315,24.806117021977908,F
14.737454808943712,23.003062241042386,F
17.392857018172485,25.24084573833998,F
14.850326577136592,23.53098803692097,F
15.293914634700505,24.66957353065452,F
15.945866007306691,23.33871461775589,F
16.163419699386708,25.020344529646934,F
17.02739997552911,23.965412363123964,F
18.667745367530934,25.45475600466017,F
13.111353752703991,22.297355669261478,F
15.444627195397953,24.470539154901928,F
15.139963624175191,24.201015393339038,F
16.37795555628237,23.665414040899144,F
15.231290732612614,23.920195606269324,F
15.206205583455532,23.767085277792443,F
14.610748262364538,23.302346411262754,F
16.42153579602517,24.519353503827134,F
17.314161651564124,25.46547581313705,F
15.501324557491621,24.044507843965775,F
15.72548823618305,22.257866592925858,F
16.588813022503125,24.24051311322227,F
16.273571826470334,25.008352841852204,F
16.524596310322316,25.10528667890383,F
16.59969872486868,22.602125669869913,F
16.712146797829472,24.58036276833632,F
16.584752198432078,23.043771757909923,F
17.562937519397583,25.301133446645547,F
16.646354570509047,25.10847450295431,F
15.55374638155993,23.889133822152047,F
16.09503987547648,24.635496864559634,F
15.29340009825488,25.342596011460316,F
15.548211176561672,24.28940524214445,F
14.940604675851592,23.35206334890747,F
17.113084558591588,23.71013667421123,F
16.958043672359167,22.5087958198627,F
16.68703530516835,24.09526665264624,F
15.30109601637687,23.228806395764643,F
17.43354539756251,24.973361484425702,F
16.47418811620487,25.72016081077016,F
14.720483569426682,23.023885834575193,F
17.11820915767143,24.045301204129572,F
14.636921388725096,23.95649763101826,F
15.44580990406229,24.417678600509035,F
16.728869614505992,24.069961969857783,F
15.488553761914217,25.873109515465135,F
14.657516231622909,21.836508322308617,F
16.443243580133547,23.478913930577054,F
17.717280567574942,24.08413738885815,F
16.355453071805382,22.744731596183108,F
15.571992165347778,24.347127059684347,F
14.000057671564573,23.036726084307595,F
14.852752919374907,22.4126355231526,F
16.059110279661702,24.10612834984643,F
16.192873163964485,23.87681324983375,F
15.36433758145927,24.509392990597,F
15.856718961151344,24.4693467087038,F
15.102004837418503,24.582789689599892,F
17.313685761076965,24.28683395425577,F
15.543240417508741,22.442836966950495,F
16.491734795039473,24.23706390364473,F
16.078218093692787,24.719767127734602,F
14.90294210036268,23.037512366912665,F
17.21863268077423,24.45786325497205,F
16.295892868806742,25.105275795541925,F
14.307606591817807,22.665160392624564,F
15.827163436499236,23.391198653193456,F
16.277520553943837,24.896357256927946,F
16.859108128827593,23.965636103297182,F
14.834977904880308,25.477693279322583,F
16.076079449106192,23.208166196043397,F
15.640302973343946,23.280804921129498,F
14.058698056243493,22.744303702727425,F
17.04331233824461,24.678463129625428,F
15.511114865195381,24.71378022398254,F
15.142142102693299,24.464780990264757,F
15.869504706573174,24.313127768925384,F
16.244513175304405,24.10482904290454,F
16.84255329047134,24.615556892850375,F
16.04236192278479,23.76319776290366,F
14.288674705774977,22.56660913483187,F
15.540119605365383,22.351756051507024,F
17.339921098055054,24.96528203882199,F
16.666640821071383,24.82093152754529,F
16.9336549838039,24.64726088462922,F
16.053753414372213,22.36049533549171,F
16.13157742046446,24.755918001017783,F
16.15490448748307,25.12977313883145,F
18.083653426182927,26.45783379959727,F
17.299298986807795,24.60496983005114,F
15.975966422183184,23.61624206586756,F
15.349622668809921,23.21777464620098,F
17.49899825405876,26.532691178440032,F
15.560400680550867,22.518128021436596,F
15.025427662474774,23.743344890454697,F
15.218071449872802,23.126931234074824,F
16.416853132537078,23.86897542061806,F
18.307312149819808,25.02251847586595,F
17.389825690307536,26.13761503598383,F
16.174649479347707,24.13789019634087,F
14.453341793983,22.78201084965985,F
16.819111141342976,24.334047743637605,F
15.721951327908933,23.583701014372288,F
15.193084543965277,22.983372544632196,F
16.1558463202172,25.08524784683835,F
16.916784745098635,23.733558144214665,F
14.809149381865355,23.51217757629262,F
17.9536428314848,24.740596340401556,F
15.897373711023967,22.961284956447184,F
16.45516698715153,22.39694484959709,G
15.712330393447628,21.291560397297047,G
17.611499860335627,23.73636015264135,G
15.097653981977867,20.20028797942074,G
18.062548507929257,23.56845416708594,G
17.540448585319837,23.58938548021279,G
18.849672592040598,24.920909041064128,G
17.163264891758125,22.611624710687774,G
16.6623690872819,23.280980655959162,G
14.814483288849102,21.424266410831276,G
14.651746794789254,20.741533620620515,G
15.831805170999722,23.285859979422526,G
17.765448583912825,24.572536290813023,G
18.49596383252608,24.00800088541498,G
17.20243940209446,22.653640830179874,G
16.709695600470862,22.75784077766394,G
17.90987584851866,23.834941969728572,G
15.512542425786958,22.262269975341606,G
16.366813905265992,22.73940910404953,G
16.181390362607168,23.600886364082935,G
15.25814869430046,22.288371726586703,G
16.413019737075153,23.422366915513702,G
17.042938834834352,23.489925710891235,G
15.792977983438647,21.612666775731974,G
17.201315856632455,21.659397944191973,G
16.66443154257957,23.536353216137226,G
16.200637964671117,23.679717816505395,G
16.387584923598602,23.337859417364587,G
16.560733721021304,23.75740413440262,G
16.461020802979277,23.617445953524452,G
18.10859795163283,23.329545118202592,G
16.47447160981558,24.081890550685245,G
15.762820123087264,21.09823997787324,G
17.15521299095267,23.20850307044734,G
15.53655862462854,22.463717832230977,G
14.74666304546857,21.3459805002243,G
16.221138221417306,22.351911816794274,G
17.973823846233053,22.283836358964518,G
17.37205952311303,22.749003756000178,G
19.801884765237673,25.275098811597488,G
15.4338267235385,21.355868768046214,G
16.75967475688895,23.359114988834488,G
17.547771035977142,21.65494566533458,G
17.444450622124535,22.064551137387504,G
14.987313895668159,21.90075559313445,G
15.994823474258244,20.266181539660863,G
18.670315489069257,25.172789855452983,G
15.214257943278415,23.562402206753944,G
17.75008151169239,24.803703292906846,G
15.816389839340829,23.11471845872405,G
15.873744294104485,23.14230334951187,G
16.288935752118384,22.450591264215767,G
17.68777502898436,23.066980888287404,G
15.246955322952523,22.934973555184843,G
16.43880541466077,22.466986892642737,G
18.45279112697444,22.99574505871898,G
15.320065510777834,22.744082338979464,G
18.050355881465364,23.357618623415288,G
18.351176176522106,22.44432265948526,G
17.466739281717807,23.315458896529385,G
17.18967291028767,24.023238130302687,G
16.635816138156336,21.919055562695718,G
18.348170395257313,23.80528246700366,G
17.1533713716418,22.89666864423238,G
16.821160108602975,23.440984532068583,G
17.545257012331863,23.83512311134978,G
18.633846294146846,22.415240748523406,G
17.37491120958321,24.34004350080484,G
18.499914760342012,23.416567160583284,G
16.3735519696364,23.565223066224668,G
17.050975372878344,22.629568941571996,G
17.013264666923014,23.373313731712173,G
17.067145858126906,22.484127792917022,G
15.386434241833559,22.028310134667002,G
15.771574168460106,22.754872011545192,G
16.29572935879148,21.664714238326276,G
17.42960738696872,21.983292178286305,G
18.862869995819523,22.874499002692097,G
16.62318488522793,24.065583958338138,G
16.432450360786312,21.246690890476277,G
17.152126421886027,22.87498956613655,G
18.40499595632744,23.581952975313698,G
17.622171038204556,24.87513530333277,G
17.08522076692745,22.779014998472817,G
18.742491291133362,23.75264502349826,G
16.978131983921934,21.973824286254292,G
18.299218201703827,23.874409360945464,G
17.255706311966012,23.056909526069777,G
16.605640057154716,22.250243882252953,G
17.236898646120363,24.631660767900016,G
16.84311261374982,22.950864016693327,G
18.8673089040753,22.95877500955958,G
18.075763346111692,23.484689362938685,G
16.043746236505772,20.797282121323477,G
17.110305617406468,22.953621226661078,G
16.571596994977746,22.852775053143358,G
16.556642523278395,22.9440172888272,G
16.63939627725161,23.632881280492544,G
16.855750735513173,23.656405087588844,G
16.703493433830836,21.87032338828531,G
16.3128874142461,22.81733025549465,G
18.148335554978733,23.688884703774974,G
15.671650083791276,24.139488520066116,G
16.700268777944135,23.719109605251532,G
18.026438604109053,22.807307735083338,G
16.87663110784325,22.102981049265036,G
15.018877050874744,20.91903694149989,G
17.67284183759908,23.734438538637704,G
17.207273439075,23.18398029505466,G
17.29099749662174,22.992861215830487,G
17.120160999381934,22.863725407265775,G
17.104062110999276,23.469402241176603,G
16.252025409421773,21.22010753724258,G
15.724542670476852,21.97769342303552,G
18.419146794741998,23.35557598063279,G
17.237419232836075,22.443118396330995,G
17.003794709772613,22.81637491787957,G
17.868952371959068,22.546793280791956,G
17.344135432017417,23.441459298878815,G
17.839457821276174,23.674362352900168,G
17.85254224870677,25.31788646210304,G
16.622308990251934,23.11649646541629,G
17.129883096623864,23.595171747710356,G
16.563287371852255,22.452974340315162,G
17.75684599647201,22.914461275835812,G
17.455499118245907,22.53808976108609,G
18.058960443283553,24.71727222117108,G
15.587897036881998,22.9268189158157,G
16.375101546596277,23.94464331035933,G
17.723338913540267,22.634195898885217,G
16.51653311945345,23.54889489892182,G
18.265132187474073,23.02036550852332,G
17.059662520146006,21.98046227384462,G
16.202647313875335,23.499572425768722,G
16.458337489289587,24.556044955618667,G
16.94273733379403,21.812587940083525,G
17.390528261236035,22.010886512459138,G
16.14676750336618,22.222669439843727,G
18.42467469224976,24.52065680556658,G
19.16383775761887,23.142656105676622,G
15.170700504623985,22.00883999104283,G
19.390203690149033,24.493056892779304,G
16.389249185676377,23.953616029977287,G
15.80423070357114,20.948067591950615,G
16.749031761490514,22.948526621817763,G
16.542010179984683,22.206349027064512,G
16.858248250621543,21.592122538002435,G
16.573805586275327,23.81354821581324,G
17.05102381971809,23.396022081184995,G
17.230352494605487,22.37024607790576,G
16.224374360628026,23.279950371653882,G
15.14561598146349,23.176940959906595,G
17.267149208827014,23.027016378236862,G
17.764451930903604,24.248303326171218,G
17.454055845351224,24.281636959001798,G
17.423544505664328,23.595370894619364,G
16.737402314423367,23.519440677977276,G
18.995788569297154,23.66051510195979,G
17.867694952043035,23.364757493362287,G
17.216462653554355,24.584832399638422,G
17.252551052258767,23.87637510653648,G
17.209120342308545,23.726728174938504,G
16.299586810892855,21.60505071321754,G
16.454719687035993,22.413356146550324,G
17.560640838513315,23.79372103490816,G
17.219664127221733,23.008979502930178,G
18.86186021429633,24.58525785154258,G
17.585861786258462,24.791932849688695,G
18.51529631812874,23.391775061180663,G
17.82329520883478,22.500257584054502,G
18.53542346472701,23.2012810995797,G
17.693711154851552,22.004852789395617,G
17.140706711029065,24.414573071222843,G
16.77407895499217,22.346123667154693,G
17.168678900649944,21.379545336723456,G
18.205433331219965,23.525565571509272,G
15.783544694085911,23.494351053429554,G
16.26491393834131,21.24049315094306,G
18.271905341904827,24.72389871659543,G
15.578468713016735,23.724569711050037,G
17.243936119666433,23.35241971591519,G
16.703996067116574,20.718001318357064,G
16.058298665934558,23.24932316111646,G
16.97272595125584,23.404446463421277,G
16.291710627611817,22.465768363960024,G
18.365380617555047,23.399307953479955,G
16.29729143658336,23.061252804831653,G
15.52666445693421,20.82782019658537,G
16.524422028624485,21.566780629115918,G
17.346934805860244,22.008821850119688,G
17.50087079689292,23.370546663593224,G
16.452940886945463,22.776204578929978,G
16.36428211426033,23.19210154302156,G
17.978045175771484,23.11271303007895,G
17.464827069576394,23.04825918644994,G
17.917246713056127,22.899456758189412,G
18.05492709170719,24.01737869831952,G
15.822440490130877,23.22960574041459,G
16.395797698841115,22.470137121452264,G
17.437905463567105,24.469122029129238,G
18.06652677919763,22.32856413579333,H
16.068482335639327,21.061820860863758,H
18.95768198745359,23.198940000622,H
17.330855016082868,21.847966163992815,H
18.41937665477927,22.733096872450435,H
15.897747785372175,21.28226679335374,H
18.787695530994007,21.910755594880076,H
18.541067521562837,21.665115804436113,H
18.61374119187168,21.860598265485542,H
18.8465829388362,20.998406893613442,H
19.972467270220264,24.24956550793417,H
20.3251583371228,21.949542043643863,H
19.654951474372012,22.768031607277685,H
17.613848132129718,21.567106810422228,H
19.161279375830993,22.038881441967604,H
16.90370507487368,20.435367047077115,H
18.9446094668331,21.72296306018172,H
18.589230897201055,21.898563190332133,H
18.752370959814822,21.997984703518046,H
17.667566064923996,22.268497516237197,H
18.333192020478805,23.68812147451219,H
17.923905859698117,22.40554103626536,H
19.698136666454445,22.51573116284034,H
17.594065661878265,20.747234645985458,H
19.439600954819863,23.383655662761512,H
18.725564672353226,23.245681262951987,H
17.391925820143765,20.985053787591482,H
18.458046136553982,21.28508544327849,H
17.137403738065917,20.74278340131568,H
17.386015230635827,20.68581143219923,H
18.215034364125458,23.213489021516338,H
16.93309594602862,21.75503567537086,H
18.7471419950642,22.254179948991336,H
18.213802871970046,22.979128859846355,H
17.887996558685597,22.686601244224835,H
19.20470410326967,21.947851084778925,H
17.52124971092916,21.796311563245425,H
17.703128841682638,22.39547490131139,H
18.968775428439685,21.564300672314467,H
18.609272584712407,23.153840839724186,H
19.408321541687194,22.448675323600224,H
15.731540474157388,21.148898183549754,H
16.656017630855125,21.51796044913636,H
18.3835802082752,22.878271347769015,H
19.367329675080754,23.305991638289242,H
17.406319718528493,22.82972050515859,H
18.948849986630993,21.692454577482465,H
17.321328574693336,20.860997796930192,H
18.125061526221778,23.578141058843567,H
15.675913616884998,20.473502709842975,H
17.8024261681028,22.420766291442053,H
17.443421708543276,21.914318698971016,H
17.70219025247811,22.830177878497608,H
17.68620084827256,23.207559333593476,H
17.32708941068413,22.20673842571913,H
18.010615310652668,21.680219307309393,H
17.843428738685464,21.872299266877285,H
17.534821275555544,20.71981574418129,H
17.84157475032228,21.003054800864128,H
16.966295264900296,21.479270208846106,H
16.452439894882048,22.398266956918523,H
17.215489140860562,20.907143342092994,H
19.370213522078217,23.15530733857318,H
16.907478955528713,21.49236786480064,H
17.705542892633897,21.983228997301808,H
16.42012503359974,20.80115248096743,H
17.76300765193133,22.456293938270854,H
17.10089769317694,22.492225380774503,H
17.918415362429013,22.7369617699216,H
16.734014858515135,21.119926790756594,H
18.033560576109885,22.23937211859102,H
17.262384903844456,21.80480855741581,H
18.02521040682518,21.363024085015823,H
18.372432995708486,23.195448708546568,H
16.801986142593,20.777265729402295,H
16.450419566275627,22.205365664221233,H
17.51892797018514,23.887484555234714,H
17.185937410833365,20.061588958268878,H
18.100699973351162,20.954457614348968,H
17.30859828436639,22.807098208476873,H
17.474339039125027,22.98762255665345,H
18.71823043490491,20.792758173448803,H
17.989840450974818,22.567368728359135,H
18.85851080655128,23.01173674984107,H
17.25917493615896,22.40441071391181,H
17.315752504106797,22.166678598736993,H
16.952009264505797,19.469507615181975,H
17.573637951281995,20.368706352856,H
16.882590997623772,20.411888733085995,H
16.93169002912074,21.4697717102501,H
18.111285629166293,24.607522876238214,H
18.569542474868754,21.561162796647277,H
18.909263727955306,22.849208521649622,H
17.475710302610775,22.840569666710085,H
17.896947885880948,21.826663882625454,H
17.825688950020343,21.30467963226705,H
18.702226361755372,23.230341320295665,H
16.60271692064152,22.67501152367543,H
17.07428674613864,21.587650218942635,H
17.602758296723813,22.391397456523457,H
18.521584483826643,22.12491134940133,H
17.998801084001233,21.8856679506263,H
16.77299706594189,19.60213241682524,H
16.171653202761057,19.847488470891385,H
17.944059489971508,20.698582078844062,H
18.153973835107134,21.827266349184704,H
18.602271025441198,21.16942568696316,H
17.63749649125006,22.423395347124462,H
19.967416207171524,23.210670346590582,H
18.249192704493737,20.80125774552573,H
18.1070395227259,22.64878804915217,H
17.753534997326597,20.944799558596948,H
17.06211970852665,21.80303383916165,H
18.44748595738475,22.07566394297536,H
18.34761785385914,20.691617686279205,H
18.89122114318075,22.264638554593496,H
18.414151251914355,22.27323709187324,H
16.002673673550895,20.90884746433065,H
17.336195214904343,21.11274733083155,H
17.069978318042878,21.85860189271538,H
18.328809310022454,21.530968336531476,H
15.64426326441123,21.07420167632442,H
18.64642028091886,21.193745770218364,H
18.036128478947518,23.25645415156087,H
18.547923831802606,21.682958022063524,H
17.721008043929164,21.561087133502166,H
17.756844527712854,22.962255437553516,H
16.360071264005256,22.761314439254082,H
18.634528219354735,23.271137061660866,H
18.308172708099324,21.79712347294865,H
18.144787938790518,22.15806053820836,H
17.416516592487604,21.847488635470896,H
15.824912322237681,20.434668439910407,H
20.340063726823683,22.56917320123245,H
19.460732388057764,21.895153664805076,H
16.710667307534234,20.534020674066003,H
19.043919940773883,22.003480178444974,H
17.936491966122695,22.88950663962916,H
18.643690526090396,21.495704136543427,H
16.38857539007837,22.235227322538744,H
18.52986022370443,21.1793998677764,H
18.524312111610463,23.956890501277577,H
18.387367219500305,23.902675777909288,H
18.3215227789151,22.161301659537948,H
18.48860899157437,22.69115209312578,H
17.567496078375502,21.152983525518568,H
18.289336586428504,21.652789927702194,H
18.84275797264668,22.806676703708632,H
17.748919228336636,20.23882316497955,H
17.707795659902434,22.099689099838756,H
18.286551667465332,21.53334424024119,H
17.97301166305911,22.099683855612838,H
16.997057836943576,22.34932921302324,H
19.860512446553596,23.990363946599594,H
17.757230962388668,21.40767895057683,H
17.005226295945313,21.241664242973382,H
17.710371584519457,22.781873079111904,H
19.402373891406604,22.29023889029626,H
21.189017718989888,23.228038603156286,H
16.89539631476839,21.741501980957523,H
17.26961301965585,21.87598672521969,H
17.19748120007677,21.34287676338603,H
19.18485982793223,23.2112394263836,H
18.122420546504905,21.248756947730975,H
18.886098895573404,23.876808399881135,H
16.754836412544496,19.22433873909306,H
17.69796216521451,23.14524842438711,H
19.343765354997572,22.867684215456837,H
19.248351793306412,22.630902397397893,H
15.945258251897876,20.10999921338788,H
18.461459181315043,23.03679362225025,H
17.457392953513637,21.520535977682453,H
19.493735165032348,22.54230375782946,H
18.239200381484657,22.958243309476536,H
19.564884211187923,21.563064638758085,H
19.34149749443393,22.29253054151158,H
18.110250703406592,21.89097488503745,H
17.13888607247435,20.11248463105578,H
19.42107035933251,23.209293299869678,H
17.748874610026412,21.726430129169653,H
17.17855050835268,21.841046066242328,H
18.962742193915723,23.948045969869213,H
19.295238562111706,24.135984787902075,H
16.800783761513564,21.219219642672655,H
18.143924254224068,22.736079609385857,H
19.228822774157052,21.941360650878757,H
17.437545341611504,20.721241426856842,H
18.65105823603956,22.239235015475757,H
18.24302213590463,21.810182319506147,H
20.082374923965805,22.686806770317425,H
19.804193415823047,22.989654431452188,H
18.045825451387415,22.47302663984722,H
18.96480429413792,21.946738481672135,H
16.60339027821294,23.296770064811952,H
18.202009344521834,20.65069092478656,H
18.289128830713793,21.61948680944554,H
17.320353948722996,20.357088684896944,H
18.604275838668165,22.160050640864167,H
19.41331501003765,23.658280335872778,H
17.50670621529087,20.70268540358731,H
18.18547239899401,21.924648813125778,I
18.11113313752312,20.67138530852028,I
18.31839006527144,19.776216643839405,I
19.747360685638625,20.885294426225926,I
18.444462444710485,21.623297525171974,I
18.579972003942373,19.846994431514293,I
19.161713790966175,19.550800786140215,I
18.335753863818653,21.354867948025067,I
18.98119712750673,20.473783058271557,I
19.093597622243706,20.551042025972315,I
17.359516102688566,19.688894330108422,I
18.473092897341314,19.07747907381505,I
19.754728630749096,22.189695819426696,I
18.652965233662272,19.20578832247884,I
19.126041657976195,20.819228121357277,I
20.804920494377992,20.51823618926995,I
19.413938554194885,22.086142909182154,I
19.306093530774625,21.75486792502236,I
19.119064600087917,22.22080475974849,I
19.08639969956769,21.077695141314443,I
19.733307028551906,20.57959420499547,I
18.102422026353686,18.954078519828307,I
19.240024428072203,20.014902870713136,I
19.17784642171076,21.475044586299806,I
18.923896063495604,19.760225041486652,I
20.765712930212043,21.566958283326667,I
18.85704538280919,21.380078455136413,I
20.253527592118274,22.198997066459295,I
17.897955758985148,20.29831283936621,I
19.421913803153696,22.52923197249605,I
20.201008340329704,20.336758420014498,I
18.988210079842695,20.854461551716028,I
19.97147997239093,20.793679296014396,I
20.83725947341253,21.95686573139844,I
19.341721749387034,22.483141083324107,I
20.2277167935833,21.613453787097534,I
19.992048872948352,21.245500514361332,I
21.07081780652602,22.489728984807098,I
20.153335142431406,21.193025393914265,I
17.79111461049326,19.692270963550772,I
19.99391315293387,22.0225505159441,I
18.842319987797666,21.316316247865863,I
20.004809771660252,22.290614977938596,I
20.312157675613367,22.7452442725401,I
19.209464261824174,22.28338076764911,I
18.430222467829388,19.598800582215404,I
18.13578170446189,20.716577495592805,I
17.570148531930386,20.025313340015902,I
19.300475379587024,20.29938492220932,I
18.142363562624336,19.611599918722938,I
17.776092800805152,20.266173103979934,I
19.50358487110465,21.977856248937762,I
17.26954538656493,21.332789245078608,I
18.9150437555366,21.430210043486667,I
17.686320767492848,20.637668383984746,I
18.7231000136632,22.14278789906313,I
20.130814657394914,22.159351369526135,I
18.233646417562166,21.600077417002076,I
20.721962131149073,21.133972810532754,I
15.408367293520833,18.841152153660374,I
20.316523562222354,21.553760904598235,I
21.00558530331574,23.879904162273522,I
18.121911005222188,20.44182429179797,I
19.17390160201518,20.489426894452546,I
19.773527485907728,20.082625477418578,I
19.988242390837762,21.6708818868484,I
20.131162433928488,21.80706417722358,I
19.573656870357368,21.13687171970486,I
19.776877189067502,21.18136588391248,I
19.20358645190575,20.603044207024148,I
17.439648218729715,19.43525105937456,I
17.47781111785769,20.0926203211884,I
20.887525814497803,20.717395300665938,I
19.82736071872648,21.54352566964144,I
18.261181221088584,21.29351505572639,I
20.28245195830777,23.775190011163776,I
19.704729890190347,19.551887657737126,I
18.211654179994085,21.854087848824356,I
18.683390308879797,20.412838736880737,I
17.771070603872918,20.01044140702207,I
18.238107602056484,20.33711355119706,I
19.00973325524246,22.399015258386314,I
21.02295077116392,21.429059164121636,I
19.704500990721986,21.701506977326403,I
20.065408224088948,22.202996254058053,I
18.374253454773694,19.408919949165295,I
18.290778716426214,20.03899833434883,I
18.585887761155334,20.82603121893475,I
19.562180864406614,21.88070912758682,I
18.880900637261878,22.078077693497974,I
18.40319880254299,20.653851729790134,I
19.72345254943189,19.841992857198896,I
17.871447778695064,21.345309473581906,I
19.68119759769707,21.649267013554073,I
19.541944144773574,20.619914568805456,I
18.84122505250803,21.993536721664643,I
18.482523481077926,20.914186744138256,I
19.45652015758158,19.768678584818822,I
19.331660622910622,21.049744319740046,I
18.108013563244015,21.292706447717677,I
19.230073429798324,21.54861129925283,I
18.633974269698868,19.178420272559215,I
18.258062572431868,20.769507667105607,I
20.8031384070531,22.53729947551132,I
19.48525891313151,21.18714519315636,I
20.357373619796114,22.32113701307395,I
18.079417923279628,21.495668743462332,I
20.790318704012677,22.323734449587043,I
16.821772764801004,19.085637029934674,I
19.605608550788318,19.746619487879116,I
19.05288787531198,20.898775631940154,I
18.836182155464684,21.44710973700513,I
17.92603034485944,21.08582773536544,I
19.20237482333556,20.019372493185863,I
17.456662359320593,20.58341516673795,I
18.032221907457092,18.93827923195555,I
18.50424556473699,21.326919494858174,I
17.28549891637217,20.190966737421753,I
18.20218710988692,20.947946999478603,I
18.86773152596492,20.751421965449296,I
18.33559631082494,21.997881329410724,I
18.642638840405667,20.176155627056882,I
19.330365644874526,21.766597308176927,I
18.202093144009112,21.27759938702294,I
17.919374742776277,18.51250491130349,I
20.506857983277378,22.7663020239387,I
18.758660016984955,21.286811250226485,I
21.290961740472905,20.889528745751164,I
18.082592118630124,22.136152858044863,I
18.827861591378316,20.21421893828024,I
18.582360434334355,19.808883107706404,I
18.456818073767963,21.04639709088047,I
19.146339866987546,22.92372239177661,I
18.669036499275006,20.900306764330196,I
17.862809645889577,21.285046729339694,I
18.934232390548978,20.642920714707948,I
19.42899507816175,20.17064257773978,I
17.901908066468163,20.71705216055487,I
17.279043633768286,19.845897064175425,I
19.837227913818076,22.906132212385337,I
20.125807618048047,21.38169528695363,I
19.10272716447884,21.965027138908084,I
19.292493631793924,20.403146285830644,I
18.15791302958219,22.106394023343164,I
19.0126943054223,22.01518049478728,I
18.758689304309222,21.42468486232225,I
19.906974484639342,20.636382750683826,I
17.547980168245683,21.576220469437033,I
17.65311794082549,19.907701303593328,I
17.364692608543,20.31723735569299,I
18.36107598190649,19.900952794354865,I
18.933983404193256,22.68554200844698,I
20.44553022813046,22.50075493131051,I
17.7940880000984,21.11582997204549,I
19.511460301342638,21.919962791756475,I
19.643234843772085,20.585163475199018,I
17.98155269634346,19.806182657523216,I
18.635683098165863,21.610478154420445,I
19.67958142891102,21.45758205990642,I
17.155086487683178,19.996675156033323,I
18.78162574177125,22.025448200507284,I
20.162966845974328,21.239115456114728,I
19.071133850776423,22.147931286018533,I
19.365125058847678,21.454038003519543,I
19.477227880599138,20.2084316309913,I
17.256995796704416,19.173614822484332,I
20.371742439522553,21.767555664178538,I
18.440447904906055,20.7666198683934,I
19.138529263712268,19.078404086392148,I
18.603747002639892,20.564958057963295,I
18.639519404078023,20.482217892054564,I
20.774955191552763,20.788873942747777,I
19.653105553429903,19.829833081960054,I
19.172395700835224,20.86005506462383,I
17.03720742126744,19.51268562605817,I
18.91753738671391,20.720653321559993,I
17.325244646782906,19.698571695326663,I
19.86149319441453,20.387997300467056,I
17.955716461277326,21.136432751399106,I
19.938593744607324,21.81070354634178,I
18.876661905181734,20.300995921956215,I
20.372775700708825,20.725512096375613,I
19.26579676617499,22.1448534826586,I
19.12169603404581,21.567989238235086,I
19.916768835010842,21.582320573530776,I
19.52438903458153,21.276474887959935,I
19.347953468185217,20.37772612722526,I
17.78099827237457,20.25314874074374,I
19.56523500365671,22.475257218640934,I
19.05985277626074,21.853586078366664,I
18.723979438480924,21.943483960830733,I
19.30380303474821,20.225239522848767,I
20.868086145067593,22.021973177494694,I
18.131760565938368,21.38252689039347,I
18.97744000476608,21.11121555366659,I
17.427652246422447,19.805231877411323,I
18.62993607173271,20.467000896371985,I
18.08105005655051,20.026242080264694,I
20.355652080525946,22.519738075255745,I
20.130042103996452,21.207545806493158,I
19.56383931010818,20.356065669661263,J
20.803836471680636,19.290976667262903,J
19.425735522720153,19.473278810806846,J
22.11076726894201,19.99663000370854,J
18.79719244471175,19.923218693523115,J
22.013743997373876,20.437278070331978,J
20.284508822060417,20.368990402106107,J
21.165347523028423,20.085605972918906,J
19.430113200161568,19.63133761865611,J
18.32420040087589,19.32229074444492,J
19.19816908305502,18.540078617634972,J
19.546088615704825,20.1881762069919,J
20.861161164013865,18.967349052050878,J
20.856854244016542,20.708799294998872,J
18.950563188664674,20.82979422853434,J
20.75233161755272,21.11565611546696,J
20.614709793968053,19.89505976712725,J
17.619045328616053,18.305168086061947,J
21.110972896323304,21.054712488942606,J
21.548839901002268,20.634174687933964,J
19.340517613108375,21.052242014839226,J
20.542355458244863,21.032805438158505,J
20.048811089593933,19.734166552244766,J
19.668970287033765,20.213093966701372,J
21.651319614866875,21.429683711771446,J
20.147975299863795,19.721822899445566,J
19.392070432365202,19.78238797627757,J
19.809170205607785,21.24028276836667,J
19.186728543225037,20.910220343158432,J
19.014574595521275,18.722483125807457,J
19.97834684884346,21.11006849171853,J
20.614624127968746,21.47075904301044,J
18.19614331425212,18.993221040325892,J
18.506944162180837,19.05626934202244,J
20.03881192812269,20.929206647586852,J
20.778548260971625,20.87098995096445,J
19.39013724327713,19.988812295575215,J
20.781907890732803,19.769815876031206,J
19.861429702721384,19.188064914214138,J
21.613145184120235,20.85729239153276,J
19.63872596113787,19.643816256399262,J
21.14654125039469,20.88768876575721,J
20.338247830266095,18.639549454035812,J
22.313234551436892,21.19720592683784,J
21.171359652124757,21.694444011255626,J
20.157465335373686,19.46623740824878,J
18.9873476664967,20.14982174142935,J
21.050247801093214,20.14334026829622,J
18.709934947081663,18.377912244965596,J
17.201213399170285,19.421478337176644,J
19.814867276493104,22.165040183329893,J
21.27626285168745,20.90169275503484,J
19.32340253684745,18.25550213565193,J
18.807492113454227,18.775994673792653,J
19.52451570510802,18.94374431086355,J
20.63931481529348,20.097107658193625,J
20.308157240216907,19.776560071889822,J
18.7700189132416,19.14238723627836,J
21.008983559331504,19.73799019067679,J
19.140542117902978,19.540156961767323,J
20.739691656706185,20.188945655231084,J
19.112955186764836,19.181250023109435,J
18.128354682547915,17.54024446813772,J
21.2588992381843,19.067562150177494,J
19.56048543994372,19.978853444942594,J
21.515663561413852,20.512601812586066,J
19.98479725221646,19.360527938025655,J
20.515575860194495,19.998613445056755,J
19.623884468115776,20.249172098687325,J
20.468911470900117,19.63236864750287,J
20.250289103323933,20.858381433085096,J
19.356127668672496,20.18012251584986,J
20.238392602604602,20.671767562024584,J
18.832377764588745,20.46533248506077,J
19.09933092108451,18.782718544714143,J
19.960393162822818,19.700357915871642,J
18.912918103148925,19.946462972820925,J
19.20765114406783,18.376242212487576,J
19.961528043879696,17.319332728464943,J
21.326873275949783,20.490284555598066,J
19.38398497124807,20.19711159420956,J
18.61577622384923,20.45828778351577,J
20.541908013316956,20.495263115280697,J
22.314591289279974,20.891220999866587,J
18.94376437532707,18.97791942496258,J
20.651387018390494,20.059127934330718,J
19.38161168615921,19.561960237828675,J
18.862041740374046,18.79099175998089,J
18.78087164580625,18.83733327363613,J
20.80262768142984,22.31883616275477,J
21.336228935900426,20.913978091436274,J
20.843913311947503,20.03168380039346,J
20.33059608086622,21.8676244257301,J
19.9723318254797,20.29944516645355,J
19.604943593442187,20.677872769508767,J
22.7853800393989,19.797569603954788,J
20.75406418458416,21.456880233742282,J
20.613234895051683,19.444016487076965,J
19.941805807686336,21.778916539551567,J
21.13425818353018,20.341758332703122,J
19.405907480281584,19.696139619707928,J
20.98257514781337,19.59094276318027,J
19.837293977394566,19.8378981975211,J
19.488089116982785,18.51546256339791,J
20.560142191342575,20.449580248441308,J
20.548608649351397,20.013839523263925,J
18.0714323700964,19.016956509216232,J
18.27924598626238,19.72870096228448,J
18.77107006812128,19.65933199920643,J
21.354876505647006,20.692128775658666,J
20.067612145965242,19.397280569005105,J
20.0641689598037,18.715834707249876,J
18.30360524414936,20.824855327265418,J
22.175146468910583,21.42108335385673,J
19.318223457837686,19.021735229837134,J
21.58809676603665,21.823506797479048,J
19.513854222769965,19.51346239451339,J
19.970250268279955,20.37344216935421,J
18.81704456529516,19.37681416600377,J
21.1079950993891,19.62828424647813,J
19.87794931332326,19.52552180856842,J
20.08806856447052,20.716824579794533,J
20.74665720457684,21.32494081187874,J
21.49178352724886,22.75627806145803,J
20.12233181525855,20.8463411144713,J
20.216358434794014,19.085120337454573,J
19.285269171555562,19.529677276025737,J
18.81374414247633,18.24454100049462,J
19.264905959378154,21.483853808057937,J
21.639367417012686,22.677262923754355,J
19.038958812489852,20.019248870468612,J
21.101978802713234,20.591152099710623,J
19.492406977067755,19.379813457561298,J
21.651885428892946,20.14740053645069,J
19.066876103382047,20.973482499099305,J
20.421296427128077,19.771844406811027,J
19.330977247404086,19.73137492468244,J
20.867585579429793,20.291655751672213,J
20.944199350323565,20.647557129955374,J
19.827296598060677,20.61609498032025,J
20.814198094064135,20.065585949220626,J
18.809563399150157,19.961840273139504,J
19.05081405436776,18.648415344565162,J
21.165546243065727,20.40413134021144,J
20.704513080157916,21.379276770193247,J
19.738104673815855,21.249802267427604,J
19.50135261707282,18.623547776120418,J
20.34142626585195,21.24561469528291,J
19.052700501397318,20.674260483798903,J
18.933348293501442,19.21616722631249,J
19.26466526867098,20.248710254623376,J
19.879002696441887,20.461966944609266,J
18.53590660609059,19.39785087920241,J
19.530715092451945,20.69449823201519,J
19.664646597032334,20.29703659012997,J
19.84490352330191,19.479443464307877,J
19.9907382345531,20.58443242716909,J
21.0088924743015,19.497283798283718,J
18.948312654987056,18.53717511191053,J
18.821225248213977,19.228782207085246,J
20.396863062139797,19.732910211543317,J
19.459168807202794,18.848780747257024,J
21.220722023691785,21.38784144605079,J
20.302050257149418,19.67676611716979,J
21.286400345085305,21.344383500092626,J
20.535917572720606,19.33284874826983,J
19.836194892304746,20.477644462032757,J
20.343436073421472,20.588808179091956,J
19.66713338394652,19.500272368690105,J
19.49026481964004,19.31736240687127,J
19.747074302198776,20.727336755353967,J
19.589992046003882,19.07834995332517,J
21.596320078272633,20.85591643516075,J
18.03927107021697,18.189030479732256,J
20.23327778905859,18.724816501788816,J
18.683185249146504,17.75376473182749,J
19.370152401852586,19.306691608603153,J
21.194995425402674,21.395007726894725,J
20.639972209469654,19.136137964661717,J
20.92086549136017,20.584024218900176,J
20.28922746161956,20.72565481033468,J
20.26286832242981,18.700224166099808,J
19.6953065830861,20.86761232559233,J
19.692601101593397,18.21622665441928,J
19.019341469793368,20.16524517174455,J
19.837640574311905,19.77391446788078,J
21.635846162176094,21.484933572922923,J
19.654222415801968,18.950727530329523,J
20.915173774878312,19.923027651554648,J
19.59485781620012,19.009806337160754,J
18.8428290624856,20.335245034175102,J
19.69195905517919,18.032791470979298,J
20.15994092456053,19.43648347695168,J
20.499421914957075,21.82814280326022,J
18.95270976532274,21.23279454609203,J
18.865137329511086,18.156615250398872,J
18.51760216462752,18.432278593278284,J
20.12483247725791,20.507284019709846,J
20.62269845022842,20.371628392302316,J
20.937964454932306,20.482639697125002,J
