Day,SampleID,Year,Quarter,Month,Mday,Yday,BarcodeSequence,InputFileName,MLO_Aerosol_cm3,MLO_aero_scat1,MLO_aero_scat2,MLO_aero_scat3,MLO_CO2_ppm
1,28-4-2000,2000,Q2,April,28,118,TATCCTCTTCGCTATA,28.4.2000.fna,NA,9.84,9.17,7.53,371.8
6,3-5-2000,2000,Q2,May,3,123,CTCTCTATAACTCTCG,3.5.2000.fna,295.8,0.26,0.17,0.11,370.63
13,10-5-2000,2000,Q2,May,10,130,CTCTCTATACTATGTC,10.5.2000.fna,221.3,1.41,1.11,0.86,372.09
19,16-5-2000,2000,Q2,May,16,136,CTCTCTATAGTAGCGT,16.5.2000.fna,232.7,6.54,4.99,3.75,371.4
22,19-5-2000,2000,Q2,May,19,139,CTCTCTATCAGTGAGT,19.5.2000.fna,258.9,6.76,5.28,4.22,371.3
33,30-5-2000,2000,Q2,May,30,150,CTCTCTATCGTACTCA,30.5.2000.fna,NA,NA,NA,NA,NA
35,1-6-2000,2000,Q2,June,1,152,CTCTCTATCTACGCAG,1.6.2000.fna,158.7,4.61,4.14,3.79,372.09
39,12-6-2000,2000,Q2,June,5,156,CTCTCTATGGAGACTA,12.6.2000.fna,220.6,2.79,2.34,2.16,372.15
46,5-6-2000,2000,Q2,June,12,163,CTCTCTATGTCGCTCG,5.6.2000.fna,NA,0.43,0.44,0.39,371.75
53,19-6-2000,2000,Q2,June,19,170,CTCTCTATGTCGTAGT,19.6.2000.fna,NA,NA,NA,NA,372
57,23-6-2000,2000,Q2,June,23,174,CTCTCTATTAGCAGAC,23.6.2000.fna,NA,1.24,0.99,0.98,NA
76,12-7-2000,2000,Q3,July,12,193,CTCTCTATTCATAGAC,12.7.2000.fna,NA,9.08,6.5,4.29,370.3
81,17-7-2000,2000,Q3,July,17,198,CTCTCTATTCGCTATA,17.7.2000.fna,NA,0.82,0.69,0.59,370.01
88,24-7-2000,2000,Q3,July,24,205,TATCCTCTAACTCTCG,24.7.2000.fna,NA,0.62,0.47,0.39,NA
91,27-7-2000,2000,Q3,July,27,208,TATCCTCTACTATGTC,27.7.2000.fna,NA,14.19,10.36,7.63,369.19
102,7-8-2000,2000,Q3,August,7,219,TATCCTCTAGTAGCGT,7.8.2000.fna,NA,0.45,0.33,0.46,368.83
106,11-8-2000,2000,Q3,August,11,223,TATCCTCTCAGTGAGT,11.8.2000.fna,NA,0.28,0.26,0.15,367.89
112,17-8-2000,2000,Q3,August,17,229,TATCCTCTCGTACTCA,17.8.2000.fna,NA,0.3,0.28,0.2,367.97
123,28-8-2000,2000,Q3,August,28,240,TATCCTCTCTACGCAG,28.8.2000.fna,NA,4.73,3.3,2.23,NA
131,11-9-2000,2000,Q3,September,5,248,TATCCTCTGGAGACTA,11.9.2000.fna,NA,0.86,0.65,0.45,367.7
137,5-9-2000,2000,Q3,September,11,254,TATCCTCTGTCGCTCG,5.9.2000.fna,NA,2.32,1.66,1.21,366.66
146,20-9-2000,2000,Q3,September,20,263,TATCCTCTGTCGTAGT,20.9.2000.fna,NA,2.93,2.11,1.45,366.5
151,25-9-2000,2000,Q3,September,25,268,TATCCTCTTAGCAGAC,25.9.2000.fna,NA,3.22,2.23,1.61,366.25
159,3-10-2000,2000,Q4,October,3,276,TATCCTCTTCATAGAC,3.10.2000.fna,NA,6.58,4.14,2.44,366.63
172,16-10-2000,2000,Q4,October,16,289,GTAAGGAGAACTCTCG,16.10.2000.fna,283.2,1.52,1.07,0.73,366.94
175,19-10-2000,2000,Q4,October,19,292,GTAAGGAGACTATGTC,19.10.2000.fna,297.3,2.08,1.64,1.27,367.03
186,30-10-2000,2000,Q4,October,30,303,GTAAGGAGAGTAGCGT,30.10.2000.fna,177.4,0.8,0.63,0.57,367.75
193,6-11-2000,2000,Q4,November,6,310,GTAAGGAGCAGTGAGT,6.11.2000.fna,314.8,0.96,0.72,0.55,NA
200,13-11-2000,2000,Q4,November,13,317,GTAAGGAGCGTACTCA,13.11.2000.fna,411.3,1.11,0.82,0.72,368.38
204,17-11-2000,2000,Q4,November,17,321,GTAAGGAGCTACGCAG,17.11.2000.fna,173.7,0.53,0.58,0.44,368.44
215,1-12-2000,2000,Q4,November,28,332,GTAAGGAGGGAGACTA,1.12.2000.fna,282.7,1.27,0.95,0.76,368.65
218,28-11-2000,2000,Q4,December,1,335,GTAAGGAGGTCGCTCG,28.11.2000.fna,306.2,1.27,0.98,0.86,NA
225,8-12-2000,2000,Q4,December,8,342,GTAAGGAGGTCGTAGT,8.12.2000.fna,218.3,0.26,0.22,0.28,369.86
232,15-12-2000,2000,Q4,December,15,349,GTAAGGAGTAGCAGAC,15.12.2000.fna,521.1,0.77,0.59,0.59,369.53
243,26-12-2000,2000,Q4,December,26,360,GTAAGGAGTCATAGAC,26.12.2000.fna,403.4,4.4,3.12,2.12,369.91
249,2-1-2001,2001,Q1,January,2,1,GTAAGGAGTCGCTATA,2.1.2001.fna,226.7,1.15,0.9,0.78,369.78
252,5-1-2001,2001,Q1,January,5,4,ACTGCATAAACTCTCG,5.1.2001.fna,615.4,22.09,15.32,10.12,370.26
264,17-1-2001,2001,Q1,January,17,16,ACTGCATAAGTAGCGT,17.1.2001.fna,204.4,0.34,0.34,0.29,NA
269,22-1-2001,2001,Q1,January,22,21,ACTGCATACAGTGAGT,22.1.2001.fna,274.6,0.73,0.59,0.59,370.12
272,25-1-2001,2001,Q1,January,25,24,ACTGCATACGTACTCA,25.1.2001.fna,222.1,0.48,0.46,0.36,369.98
280,7-2-2001,2001,Q1,February,2,32,ACTGCATAGGAGACTA,7.2.2001.fna,293.7,8.83,8.81,9.4,371.29
285,2-2-2001,2001,Q1,February,7,37,ACTGCATAGTCGCTCG,2.2.2001.fna,245.3,2.39,2.19,2.25,372.06
290,12-2-2001,2001,Q1,February,12,42,ACTGCATAGTCGTAGT,12.2.2001.fna,154.5,2.54,2.12,1.88,371.11
294,16-2-2001,2001,Q1,February,16,46,ACTGCATATAGCAGAC,16.2.2001.fna,64.2,0.73,0.75,0.69,372.03
299,21-2-2001,2001,Q1,February,21,51,ACTGCATATCATAGAC,21.2.2001.fna,245.4,3.14,2.43,2.06,371.39
301,23-2-2001,2001,Q1,February,23,53,ACTGCATATCGCTATA,23.2.2001.fna,220.9,3.05,2.16,1.61,371.64
305,27-2-2001,2001,Q1,February,27,57,AAGGAGTAAACTCTCG,27.2.2001.fna,279.5,6.25,4.26,2.69,370.74
308,2-3-2001,2001,Q1,March,2,60,AAGGAGTAACTATGTC,2.3.2001.fna,440.7,9.62,6.59,4.09,371.91
311,5-3-2001,2001,Q1,March,5,63,AAGGAGTAAGTAGCGT,5.3.2001.fna,229.8,NA,NA,NA,372.59
313,7-3-2001,2001,Q1,March,7,65,AAGGAGTACAGTGAGT,7.3.2001.fna,201.2,NA,NA,NA,372.16
315,9-3-2001,2001,Q1,March,9,67,AAGGAGTACGTACTCA,9.3.2001.fna,194.6,NA,NA,NA,372.02
319,13-3-2001,2001,Q1,March,13,71,AAGGAGTACTACGCAG,13.3.2001.fna,217.2,NA,NA,NA,372.16
320,15-3-2001,2001,Q1,March,14,72,AAGGAGTAGGAGACTA,15.3.2001.fna,152.4,NA,NA,NA,372.4
321,14-3-2001,2001,Q1,March,15,73,AAGGAGTAGTCGCTCG,14.3.2001.fna,239.5,NA,NA,NA,372.94
322,16-3-2001,2001,Q1,March,16,74,AAGGAGTAGTCGTAGT,16.3.2001.fna,151.1,NA,NA,NA,372.96
325,19-3-2001,2001,Q1,March,19,77,AAGGAGTATAGCAGAC,19.3.2001.fna,422.6,NA,NA,NA,372.83
326,20-3-2001,2001,Q1,March,20,78,AAGGAGTATCATAGAC,20.3.2001.fna,212.1,NA,NA,NA,372.79
327,21-3-2001,2001,Q1,March,21,79,AAGGAGTATCGCTATA,21.3.2001.fna,342.7,NA,NA,NA,372.48
328,22-3-2001,2001,Q1,March,22,80,CTAAGCCTAACTCTCG,22.3.2001.fna,285.9,NA,NA,NA,372.43
333,27-3-2001,2001,Q1,March,27,85,CTAAGCCTACTATGTC,27.3.2001.fna,202.5,NA,NA,NA,372.9
334,28-3-2001,2001,Q1,March,28,86,CTAAGCCTAGTAGCGT,28.3.2001.fna,448.7,NA,NA,NA,NA
335,29-3-2001,2001,Q1,March,29,87,CTAAGCCTCAGTGAGT,29.3.2001.fna,178.4,NA,NA,NA,372.45
355,18-4-2001,2001,Q2,April,18,107,CTAAGCCTCGTACTCA,18.4.2001.fna,362.5,4.4,3.31,2.21,373.52
356,19-4-2001,2001,Q2,April,19,108,CTAAGCCTCTACGCAG,19.4.2001.fna,287.6,7.11,5.93,4.65,373.57
361,25-4-2001,2001,Q2,April,24,113,CTAAGCCTGGAGACTA,25.4.2001.fna,208.5,6.72,5.02,3.47,373.63
362,24-4-2001,2001,Q2,April,25,114,CTAAGCCTGTCGCTCG,24.4.2001.fna,230.5,7.23,5.55,4.06,373.41
363,26-4-2001,2001,Q2,April,26,115,CTAAGCCTGTCGTAGT,26.4.2001.fna,232.6,6.16,4.79,3.29,373.74
364,27-4-2001,2001,Q2,April,27,116,CTAAGCCTTAGCAGAC,27.4.2001.fna,434,17.62,12.44,7.85,373.61
368,1-5-2001,2001,Q2,May,1,120,CTAAGCCTTCATAGAC,1.5.2001.fna,242.7,4.62,3.5,2.25,373.8
369,2-5-2001,2001,Q2,May,2,121,CTAAGCCTTCGCTATA,2.5.2001.fna,272.6,4.15,3.18,2.26,373.51
370,3-5-2001,2001,Q2,May,3,122,CGTCTAATAACTCTCG,3.5.2001.fna,276.9,4.18,3.42,2.74,374.16
371,4-5-2001,2001,Q2,May,4,123,CGTCTAATACTATGTC,4.5.2001.fna,659.3,12.2,9.66,7.13,373.76
375,8-5-2001,2001,Q2,May,8,127,CGTCTAATAGTAGCGT,8.5.2001.fna,171.5,5.65,4.74,3.77,NA
376,9-5-2001,2001,Q2,May,9,128,CGTCTAATCAGTGAGT,9.5.2001.fna,225.7,7.63,6.87,5.86,373.85
377,10-5-2001,2001,Q2,May,10,129,CGTCTAATCGTACTCA,10.5.2001.fna,253.6,11.72,10.41,8.94,373.91
381,14-5-2001,2001,Q2,May,14,133,CGTCTAATCTACGCAG,14.5.2001.fna,322.9,7.9,5.79,3.89,NA
383,18-5-2001,2001,Q2,May,16,135,CGTCTAATGGAGACTA,18.5.2001.fna,469.4,19.5,13.31,7.81,373.05
385,16-5-2001,2001,Q2,May,18,137,CGTCTAATGTCGCTCG,16.5.2001.fna,226.3,1.68,1.28,0.92,373.25
389,22-5-2001,2001,Q2,May,22,141,CGTCTAATGTCGTAGT,22.5.2001.fna,295.8,4.43,3.19,1.99,373.77
391,24-5-2001,2001,Q2,May,24,143,CGTCTAATTAGCAGAC,24.5.2001.fna,278.9,3.71,3.32,2.99,374.2
398,31-5-2001,2001,Q2,May,31,150,CGTCTAATTCATAGAC,31.5.2001.fna,396.4,15.98,10.72,6.35,373.83
406,8-6-2001,2001,Q2,June,8,158,CGTCTAATTCGCTATA,8.6.2001.fna,313.2,1.04,0.77,0.53,373.19
413,15-6-2001,2001,Q2,June,15,165,TCTCTCCGAACTCTCG,15.6.2001.fna,362.9,15.55,10.74,6.51,372.83
418,20-6-2001,2001,Q2,June,20,170,TCTCTCCGACTATGTC,20.6.2001.fna,242.2,1.37,1.1,1.02,373.5
420,22-6-2001,2001,Q2,June,22,172,TCTCTCCGAGTAGCGT,22.6.2001.fna,256.4,1.76,1.4,1.07,373.16
430,2-7-2001,2001,Q3,July,2,182,TCTCTCCGCAGTGAGT,2.7.2001.fna,450.7,9.79,6.71,4.17,372.62
447,19-7-2001,2001,Q3,July,19,199,TCTCTCCGCGTACTCA,19.7.2001.fna,216.7,1.26,0.97,0.92,371.9
461,2-8-2001,2001,Q3,August,2,213,TCTCTCCGCTACGCAG,2.8.2001.fna,286.3,1.38,1.02,0.66,370.53
467,17-8-2001,2001,Q3,August,8,219,TCTCTCCGGGAGACTA,17.8.2001.fna,356.5,2.39,1.77,1.28,369.51
476,8-8-2001,2001,Q3,August,17,228,TCTCTCCGGTCGCTCG,8.8.2001.fna,274.9,1.46,1.01,0.63,369.64
483,24-8-2001,2001,Q3,August,24,235,TCTCTCCGGTCGTAGT,24.8.2001.fna,610.6,0.72,0.44,0.25,369.03
489,30-8-2001,2001,Q3,August,30,241,TCTCTCCGTAGCAGAC,30.8.2001.fna,304.9,1.84,1.17,0.65,369.15
502,12-9-2001,2001,Q3,September,12,254,TCTCTCCGTCATAGAC,12.9.2001.fna,360.4,1.97,1.32,0.92,368.65
507,17-9-2001,2001,Q3,September,17,259,TCTCTCCGTCGCTATA,17.9.2001.fna,410,1.04,0.78,0.59,368.75
509,19-9-2001,2001,Q3,September,19,261,ATCGTACGAAGTCGAG,19.9.2001.fna,285.5,1,0.75,0.56,367.87
518,28-9-2001,2001,Q3,September,28,270,ATCGTACGATACTTCG,28.9.2001.fna,496.9,1.59,1.08,0.66,367.5
529,9-10-2001,2001,Q4,October,9,281,ATCGTACGAGCTGCTA,9.10.2001.fna,280.1,0.58,0.49,0.34,368.24
535,15-10-2001,2001,Q4,October,15,287,ATCGTACGCATAGAGA,15.10.2001.fna,301.9,1.4,0.93,0.61,367.91
543,23-10-2001,2001,Q4,October,23,295,ATCGTACGCGTAGATC,23.10.2001.fna,632.9,0.1,0.22,0.1,368.53
544,24-10-2001,2001,Q4,October,24,296,ATCGTACGCTCGTTAC,24.10.2001.fna,370.8,0.57,0.4,0.32,368.5
546,26-10-2001,2001,Q4,October,26,298,ATCGTACGGCGCACGT,26.10.2001.fna,339.2,3.8,2.51,1.52,369.05
558,7-11-2001,2001,Q4,November,7,310,ATCGTACGGGTACTAT,7.11.2001.fna,332.9,0.55,0.44,0.34,369.13
566,15-11-2001,2001,Q4,November,15,318,ATCGTACGGTATACGC,15.11.2001.fna,541.3,7.58,5.32,3.42,369.7
567,16-11-2001,2001,Q4,November,16,319,ATCGTACGTACGAGCA,16.11.2001.fna,399.5,2.88,2,1.41,369.73
602,21-12-2001,2001,Q4,December,21,354,ATCGTACGTCAGCGTT,21.12.2001.fna,238.4,0.44,0.42,0.24,371.3
614,2-1-2002,2002,Q1,January,2,1,CGTCTAATGTATACGC,2.1.2002.fna,275.1,0.18,0.27,0.15,372.98
619,7-1-2002,2002,Q1,January,7,6,ATCGTACGTCGCTACG,7.1.2002.fna,335.7,0.76,0.59,0.38,372.15
634,22-1-2002,2002,Q1,January,22,21,ACTATCTGAAGTCGAG,22.1.2002.fna,738,2.59,1.84,1.31,373.03
648,5-2-2002,2002,Q1,February,5,35,ACTATCTGAGCTGCTA,5.2.2002.fna,505.9,0.82,0.62,0.49,372.47
657,14-2-2002,2002,Q1,February,14,44,ACTATCTGATACTTCG,14.2.2002.fna,285,2.03,1.69,1.22,373.02
677,6-3-2002,2002,Q1,March,6,64,ACTATCTGCATAGAGA,6.3.2002.fna,156.9,2.99,2.24,1.54,373.79
684,13-3-2002,2002,Q1,March,13,71,ACTATCTGCGTAGATC,13.3.2002.fna,266.8,3.65,2.65,1.76,374.15
693,22-3-2002,2002,Q1,March,22,80,ACTATCTGCTCGTTAC,22.3.2002.fna,246,9.96,7.37,5.24,374.2
700,29-3-2002,2002,Q1,March,29,87,ACTATCTGGCGCACGT,29.3.2002.fna,218.2,4.61,3.99,3.47,374.39
705,3-4-2002,2002,Q2,April,3,92,TCGACGAGCATAGAGA,3.4.2002.fna,231.6,1,0.74,0.52,373.39
707,5-4-2002,2002,Q2,April,5,94,ACTATCTGGGTACTAT,5.4.2002.fna,264.8,4.15,3.19,2.37,375.39
712,10-4-2002,2002,Q2,April,10,99,TATCCTCTTCGCTACG,10.4.2002.fna,251.5,3.56,2.71,1.99,374.74
714,12-4-2002,2002,Q2,April,12,101,ACTGCATAAGCTGCTA,12.4.2002.fna,340.5,2.8,1.98,1.26,374.1
717,15-4-2002,2002,Q2,April,15,104,ACTATCTGGTATACGC,15.4.2002.fna,245.2,2.36,1.64,1.11,375.12
720,18-4-2002,2002,Q2,April,18,107,GTCAGATAAAGTCGAG,18.4.2002.fna,226.1,2.26,1.76,1.27,375.13
725,24-4-2002,2002,Q2,April,24,113,GATCGTGTAAGTCGAG,24.4.2002.fna,220.3,3.42,2.61,1.94,375.04
726,25-4-2002,2002,Q2,April,24,113,ACTATCTGTACGAGCA,25.4.2002.fna,360.8,4.63,3.31,2.07,375.04
728,26-4-2002,2002,Q2,April,26,115,TCGACGAGATACTTCG,26.4.2002.fna,313.2,5.03,3.8,2.82,375.75
731,29-4-2002,2002,Q2,April,29,118,ACTATCTGTCAGCGTT,29.4.2002.fna,295.3,6.71,5.76,4.62,376
734,2-5-2002,2002,Q2,May,2,121,TCTCTCCGTCAGCGTT,2.5.2002.fna,343.6,3.75,3.25,2.76,375.99
738,6-5-2002,2002,Q2,May,6,125,ACTATCTGTCGCTACG,6.5.2002.fna,893.5,0.71,0.57,0.43,375.44
747,15-5-2002,2002,Q2,May,15,134,TAGCGAGTAAGTCGAG,15.5.2002.fna,108.3,0.49,0.48,0.49,375.19
748,16-5-2002,2002,Q2,May,16,135,CGTCTAATTACGAGCA,16.5.2002.fna,252.2,5.71,3.98,2.62,374.87
755,23-5-2002,2002,Q2,May,23,142,TAGCGAGTATACTTCG,23.5.2002.fna,401.9,1.4,0.9,0.57,376.08
756,24-5-2002,2002,Q2,May,24,143,TCTCTCCGTCGCTACG,24.5.2002.fna,245,1.81,1.22,0.75,376.15
760,28-5-2002,2002,Q2,May,28,147,CGTCTAATTCAGCGTT,28.5.2002.fna,254.4,0.59,0.38,0.26,376.37
767,4-6-2002,2002,Q2,June,4,154,TAGCGAGTAGCTGCTA,4.6.2002.fna,311.2,14.95,10.77,6.95,375.66
787,24-6-2002,2002,Q2,June,24,174,TAGCGAGTCATAGAGA,24.6.2002.fna,321.1,3.94,2.62,1.56,376.24
803,10-7-2002,2002,Q3,July,10,190,TAGCGAGTCGTAGATC,10.7.2002.fna,241.9,2.18,1.69,1.23,374.55
808,15-7-2002,2002,Q3,July,15,195,CGTCTAATTCGCTACG,15.7.2002.fna,766.2,6.98,4.78,2.99,374.23
810,17-7-2002,2002,Q3,July,17,197,TCTCTCCGAAGTCGAG,17.7.2002.fna,384.2,6.36,4.25,2.6,374.12
817,24-7-2002,2002,Q3,July,24,204,TAGCGAGTCTCGTTAC,24.7.2002.fna,293,0.34,0.36,0.28,373.85
832,8-8-2002,2002,Q3,August,8,219,TCTCTCCGATACTTCG,8.8.2002.fna,NA,NA,NA,NA,372.22
852,28-8-2002,2002,Q3,August,28,239,TAGCGAGTGCGCACGT,28.8.2002.fna,245.4,6.41,4.55,2.97,370.35
858,3-9-2002,2002,Q3,September,3,245,TCTCTCCGAGCTGCTA,3.9.2002.fna,265.4,5.31,4.01,2.93,369.69
864,9-9-2002,2002,Q3,September,9,251,TAGCGAGTGGTACTAT,9.9.2002.fna,260.1,1.48,1.19,0.71,371.54
873,18-9-2002,2002,Q3,September,18,260,TCTCTCCGCATAGAGA,18.9.2002.fna,338.5,2.05,1.44,1,370.13
878,23-9-2002,2002,Q3,September,23,265,TAGCGAGTGTATACGC,23.9.2002.fna,644.3,7.66,5.13,2.98,370.39
887,2-10-2002,2002,Q4,October,2,274,TCTCTCCGCGTAGATC,2.10.2002.fna,283.8,0.85,0.69,0.49,369.57
891,6-10-2002,2002,Q4,October,6,278,TAGCGAGTTCGCTACG,6.10.2002.fna,286.4,0.28,0.24,0.16,370.42
893,8-10-2002,2002,Q4,October,8,280,TAGCGAGTTACGAGCA,8.10.2002.fna,227.3,0.49,0.4,0.29,369.5
894,9-10-2002,2002,Q4,October,9,281,TCTCTCCGCTCGTTAC,9.10.2002.fna,444.2,6.64,4.49,2.72,369.69
896,11-10-2002,2002,Q4,October,11,283,TCTCTCCGGCGCACGT,11.10.2002.fna,865.9,2.96,2.16,1.45,369.88
900,15-10-2002,2002,Q4,October,15,287,TCTCTCCGGGTACTAT,15.10.2002.fna,213.3,0.81,0.52,0.39,370.67
913,28-10-2002,2002,Q4,October,28,300,TAGCGAGTTCAGCGTT,28.10.2002.fna,305.8,1.78,1.29,0.9,370.11
941,25-11-2002,2002,Q4,November,25,328,CTGCGTGTAAGTCGAG,25.11.2002.fna,329.6,2.49,1.72,1.01,372.79
945,23-6-2011,2002,Q4,November,29,332,TCTCTCCGGTATACGC,23.6.2011.fna,168.8,0.28,0.34,0.31,372.79
950,4-12-2002,2002,Q4,December,4,337,TCTCTCCGTACGAGCA,4.12.2002.fna,296.1,2.6,2.34,2.07,373.16
964,18-12-2002,2002,Q4,December,18,351,CTGCGTGTATACTTCG,18.12.2002.fna,271.2,0.71,0.53,0.32,373.5
976,30-12-2002,2002,Q4,December,30,363,CTGCGTGTAGCTGCTA,30.12.2002.fna,339.3,0.76,0.6,0.46,374.48
990,13-1-2003,2003,Q1,January,13,12,CTGCGTGTCATAGAGA,13.1.2003.fna,199.1,1.64,1.71,1.45,374.8
999,22-1-2003,2003,Q1,January,22,21,CTGCGTGTCGTAGATC,22.1.2003.fna,1136,1.25,1,0.7,376
1022,14-2-2003,2003,Q1,February,14,44,CTGCGTGTCTCGTTAC,14.2.2003.fna,270.7,0.65,0.54,0.42,374.99
1029,21-2-2003,2003,Q1,February,21,51,CTGCGTGTGCGCACGT,21.2.2003.fna,157.2,3.35,2.6,1.88,376.36
1042,6-3-2003,2003,Q1,March,6,64,CTGCGTGTGGTACTAT,6.3.2003.fna,304.3,4,2.82,1.86,376.18
1057,21-3-2003,2003,Q1,March,21,79,CTGCGTGTGTATACGC,21.3.2003.fna,300.5,12.07,8.82,5.94,376.7
1076,9-4-2003,2003,Q2,April,9,98,CTGCGTGTTACGAGCA,9.4.2003.fna,259,3.75,2.96,2.29,377.09
1090,23-4-2003,2003,Q2,April,23,112,CTGCGTGTTCAGCGTT,23.4.2003.fna,171.4,8.08,7.04,5.99,378.3
1104,7-5-2003,2003,Q2,May,7,126,CTGCGTGTTCGCTACG,7.5.2003.fna,1159,7.34,5.72,4.36,377.87
1119,22-5-2003,2003,Q2,May,22,141,TCATCGAGAAGTCGAG,22.5.2003.fna,253.4,4.73,3.89,3.11,379.59
1139,11-6-2003,2003,Q2,June,11,161,TCATCGAGAGCTGCTA,11.6.2003.fna,223.3,6.41,5.27,4.08,378.72
1148,20-6-2003,2003,Q2,June,20,170,TCATCGAGATACTTCG,20.6.2003.fna,254.4,2.5,1.66,1.02,377.81
1179,21-7-2003,2003,Q3,July,21,201,TCATCGAGCATAGAGA,21.7.2003.fna,205.4,3.08,2.14,1.29,376.64
1215,26-8-2003,2003,Q3,August,26,237,TCATCGAGCGTAGATC,26.8.2003.fna,223.7,0.25,0.25,0.13,NA
1223,3-9-2003,2003,Q3,September,3,245,TCATCGAGCTCGTTAC,3.9.2003.fna,221.6,0.14,0.17,0.17,NA
1235,15-9-2003,2003,Q3,September,15,257,TCATCGAGGCGCACGT,15.9.2003.fna,318.8,2.27,1.61,1.03,372.72
1259,9-10-2003,2003,Q4,October,9,281,TCATCGAGGGTACTAT,9.10.2003.fna,221.4,1.38,1.07,0.73,372.8
1277,27-10-2003,2003,Q4,October,27,299,TCATCGAGGTATACGC,27.10.2003.fna,231.9,0.65,0.52,0.5,373.28
1291,10-11-2003,2003,Q4,November,10,313,TCATCGAGTACGAGCA,10.11.2003.fna,233.8,0.58,0.47,0.34,373.82
1306,25-11-2003,2003,Q4,November,25,328,TCATCGAGTCAGCGTT,25.11.2003.fna,412.9,0.24,0.33,0.31,375.63
1340,29-12-2003,2003,Q4,December,29,362,TCATCGAGTCGCTACG,29.12.2003.fna,NA,NA,NA,NA,376.27
1354,12-1-2004,2004,Q1,January,12,11,CGTGAGTGAAGTCGAG,12.1.2004.fna,257.3,1.6,1.21,0.79,376.42
1363,21-1-2004,2004,Q1,January,21,20,CGTGAGTGATACTTCG,21.1.2004.fna,227.7,0.72,0.65,0.41,376.79
1384,11-2-2004,2004,Q1,February,11,41,CGTGAGTGAGCTGCTA,11.2.2004.fna,459.4,0.68,0.54,0.44,377.99
1393,20-2-2004,2004,Q1,February,20,50,CGTGAGTGCATAGAGA,20.2.2004.fna,NA,NA,NA,NA,377.42
1418,16-3-2004,2004,Q1,March,16,75,ACGTCTCGGTATACGC,16.3.2004.fna,359.9,4.54,3.28,2.24,378.41
1424,22-3-2004,2004,Q1,March,22,81,CGTGAGTGCGTAGATC,22.3.2004.fna,213.4,8.79,7.03,5.33,378.6
1441,8-4-2004,2004,Q2,April,8,98,CGTGAGTGCTCGTTAC,8.4.2004.fna,306.4,15.3,11.63,8.19,380.45
1456,23-4-2004,2004,Q2,April,23,113,CGTGAGTGGCGCACGT,23.4.2004.fna,412.3,5.33,4.16,3.11,380.77
1470,7-5-2004,2004,Q2,May,7,127,CGTGAGTGGGTACTAT,7.5.2004.fna,297.9,7.48,6.05,4.68,381.58
1484,21-5-2004,2004,Q2,May,21,141,CGTGAGTGGTATACGC,21.5.2004.fna,184.1,1.14,0.99,0.8,380.26
1508,14-6-2004,2004,Q2,June,14,165,CGTGAGTGTACGAGCA,14.6.2004.fna,167.8,2.65,2.03,1.46,378.97
1539,15-7-2004,2004,Q3,July,15,196,CGTGAGTGTCAGCGTT,15.7.2004.fna,258.3,4.29,3.29,2.37,377.66
1568,13-8-2004,2004,Q3,August,13,225,CGTGAGTGTCGCTACG,13.8.2004.fna,268,0.57,0.49,0.4,376.25
1615,29-9-2004,2004,Q3,September,29,272,GGATATCTAAGTCGAG,29.9.2004.fna,473.2,1.35,1.11,0.94,NA
1629,13-10-2004,2004,Q4,October,13,286,GGATATCTATACTTCG,13.10.2004.fna,438.7,8.85,5.92,3.49,374.22
1636,20-10-2004,2004,Q4,October,20,293,GGATATCTAGCTGCTA,20.10.2004.fna,185.6,2.39,1.78,1.18,374.36
1673,26-11-2004,2004,Q4,November,26,330,GGATATCTCATAGAGA,26.11.2004.fna,537.5,11.2,7.77,4.72,376.76
1704,27-12-2004,2004,Q4,December,27,361,GGATATCTCGTAGATC,27.12.2004.fna,218.2,1.96,1.39,0.84,377.83
1714,7-1-2005,2005,Q1,January,7,6,GGATATCTCTCGTTAC,7.1.2005.fna,232,0.86,0.77,0.61,378.23
1720,13-1-2005,2005,Q1,January,13,12,GACACCGTTCAGCGTT,13.1.2005.fna,175.1,1.73,1.24,0.86,378.38
1733,26-1-2005,2005,Q1,January,26,25,GGATATCTGCGCACGT,26.1.2005.fna,255.7,3.64,2.57,1.69,378.83
1752,14-2-2005,2005,Q1,February,14,44,GGATATCTGGTACTAT,14.2.2005.fna,204.4,9.28,6.48,3.91,379.34
1766,28-2-2005,2005,Q1,February,28,58,GGATATCTGTATACGC,28.2.2005.fna,309.8,2.67,2.19,1.82,379.99
1770,4-3-2005,2005,Q1,March,4,62,GGATATCTTACGAGCA,4.3.2005.fna,291.5,6.3,5.05,3.92,381.65
1788,22-3-2005,2005,Q1,March,22,80,GGATATCTTCAGCGTT,22.3.2005.fna,295.4,2.66,1.9,1.25,381.21
1803,6-4-2005,2005,Q2,April,6,95,GGATATCTTCGCTACG,6.4.2005.fna,124,1.36,1.04,0.7,382.2
1819,22-4-2005,2005,Q2,April,22,111,GACACCGTAAGTCGAG,22.4.2005.fna,245.6,19.5,16.34,13.34,382.12
1850,23-5-2005,2005,Q2,May,23,142,GACACCGTAGCTGCTA,23.5.2005.fna,464.6,2.83,2.08,1.39,382.83
1859,1-6-2005,2005,Q2,June,1,151,GACACCGTTCGCTACG,1.6.2005.fna,347.5,1.42,1.1,0.82,383.31
1871,13-6-2005,2005,Q2,June,13,163,GACACCGTCATAGAGA,13.6.2005.fna,268.5,4.71,3.19,1.99,382.5
1889,1-7-2005,2005,Q3,July,1,181,GACACCGTCGTAGATC,1.7.2005.fna,270.3,0.93,0.74,0.48,381.27
1903,15-7-2005,2005,Q3,July,15,195,GACACCGTCTCGTTAC,15.7.2005.fna,458,13.97,9.69,6.21,381.56
1950,31-8-2005,2005,Q3,August,31,242,GACACCGTGCGCACGT,31.8.2005.fna,257.4,2.05,1.43,0.96,377.99
1969,19-9-2005,2005,Q3,September,19,261,GACACCGTGGTACTAT,19.9.2005.fna,247.6,2.65,2,1.41,376.75
2025,14-11-2005,2005,Q4,November,14,317,GACACCGTGTATACGC,14.11.2005.fna,748,NA,NA,NA,377.38
2071,30-12-2005,2005,Q4,December,30,363,GACACCGTTACGAGCA,30.12.2005.fna,224.4,0.38,0.42,0.37,380.57
2113,10-2-2006,2006,Q1,February,10,40,CTACTATAAAGTCGAG,10.2.2006.fna,290.8,NA,NA,NA,382.23
2130,27-2-2006,2006,Q1,February,27,57,CTACTATAATACTTCG,27.2.2006.fna,28.8,NA,NA,NA,382.21
2139,8-3-2006,2006,Q1,March,8,66,CTACTATAAGCTGCTA,8.3.2006.fna,102.9,NA,NA,NA,383.1
2151,20-3-2006,2006,Q1,March,20,78,CTACTATACATAGAGA,20.3.2006.fna,102.5,NA,NA,NA,383.21
2162,31-3-2006,2006,Q1,March,31,89,CTACTATACGTAGATC,31.3.2006.fna,193.9,NA,NA,NA,382.22
2172,10-4-2006,2006,Q2,April,10,99,CTACTATACTCGTTAC,10.4.2006.fna,188.6,4.82,4.05,3.44,385.23
2181,19-4-2006,2006,Q2,April,19,108,CTACTATAGCGCACGT,19.4.2006.fna,225.3,3.42,2.42,1.6,384.96
2195,3-5-2006,2006,Q2,May,3,122,CTACTATAGGTACTAT,3.5.2006.fna,150.9,2.21,2.1,2.05,385.15
2208,16-5-2006,2006,Q2,May,16,135,GACACCGTATACTTCG,16.5.2006.fna,128.2,9.67,8.6,8.11,385.16
2215,23-5-2006,2006,Q2,May,23,142,CTACTATAGTATACGC,23.5.2006.fna,245.4,2.64,1.8,1.3,385.18
2239,16-6-2006,2006,Q2,June,16,166,CTACTATATACGAGCA,16.6.2006.fna,NA,2.16,1.72,1.57,384.32
2244,21-6-2006,2006,Q2,June,21,171,CTACTATATCAGCGTT,21.6.2006.fna,NA,2.79,2.09,1.34,NA
2330,15-9-2006,2006,Q3,September,15,257,CTACTATATCGCTACG,15.9.2006.fna,NA,1.12,0.97,0.7,378.97
2356,11-10-2006,2006,Q4,October,11,283,CGTTACTAAAGTCGAG,11.10.2006.fna,215,1.58,1.2,0.83,378.87
2397,21-11-2006,2006,Q4,November,21,324,CGTTACTAATACTTCG,21.11.2006.fna,595.9,11.3,7.6,4.8,379.79
2411,5-12-2006,2006,Q4,December,5,338,CGTTACTAAGCTGCTA,5.12.2006.fna,358.9,0.67,0.69,0.65,381.46
2446,9-1-2007,2007,Q1,January,9,8,CGTTACTACATAGAGA,9.1.2007.fna,250.3,3.47,2.63,1.73,NA
2467,30-1-2007,2007,Q1,January,30,29,CGTTACTACGTAGATC,30.1.2007.fna,250.7,1.36,1.26,0.94,384.59
2473,5-2-2007,2007,Q1,February,5,35,CGTTACTACTCGTTAC,5.2.2007.fna,189.8,1.72,1.44,0.89,383.53
2519,23-3-2007,2007,Q1,March,23,81,CGTTACTAGCGCACGT,23.3.2007.fna,291.7,6.33,4.99,3.84,385.25
2533,6-4-2007,2007,Q2,April,6,95,CGTTACTAGGTACTAT,6.4.2007.fna,201.7,7.73,6.84,6.17,386.04
2545,18-4-2007,2007,Q2,April,18,107,CGTTACTAGTATACGC,18.4.2007.fna,93,3.83,2.65,1.73,386.87
2561,4-5-2007,2007,Q2,May,4,123,CGTTACTATACGAGCA,4.5.2007.fna,166.3,10.34,9.48,9.04,386.58
2602,14-6-2007,2007,Q2,June,14,164,CGTTACTATCAGCGTT,14.6.2007.fna,247.8,4.94,3.97,3.12,386.15
2630,12-7-2007,2007,Q3,July,12,192,CGTTACTATCGCTACG,12.7.2007.fna,535.9,17.98,12.6,8.68,385.09
2678,29-8-2007,2007,Q3,August,29,240,AGAGTCACAAGTCGAG,29.8.2007.fna,791.5,6.39,4.37,2.94,381.18
2690,10-9-2007,2007,Q3,September,10,252,AGAGTCACATACTTCG,10.9.2007.fna,376.7,1.71,1.31,1.13,380.92
2764,23-11-2007,2007,Q4,November,23,326,AGAGTCACAGCTGCTA,23.11.2007.fna,360.5,2.57,1.95,1.39,383.09
2782,11-12-2007,2007,Q4,December,11,344,AGAGTCACCATAGAGA,11.12.2007.fna,NA,NA,NA,NA,383.6
2809,7-1-2008,2008,Q1,January,7,6,AGAGTCACCGTAGATC,7.1.2008.fna,183.1,1.1,0.93,0.7,384.48
2820,18-1-2008,2008,Q1,January,18,17,AGAGTCACCTCGTTAC,18.1.2008.fna,181.6,6.68,4.9,3.45,385.57
2855,22-2-2008,2008,Q1,February,22,52,AGAGTCACGCGCACGT,22.2.2008.fna,250.3,0.58,0.64,0.7,384.94
2872,10-3-2008,2008,Q1,March,10,69,AGAGTCACGGTACTAT,10.3.2008.fna,325,1.87,1.39,1,386.06
2887,25-3-2008,2008,Q1,March,25,84,AGAGTCACGTATACGC,25.3.2008.fna,405.2,8.54,6.15,4.26,386.09
2900,7-4-2008,2008,Q2,April,7,97,AGAGTCACTACGAGCA,7.4.2008.fna,325.3,4.91,3.67,3.14,388.24
2918,25-4-2008,2008,Q2,April,25,115,AGAGTCACTCAGCGTT,25.4.2008.fna,493.7,10.12,7.41,5.32,387.03
2931,8-5-2008,2008,Q2,May,8,128,AGAGTCACTCGCTACG,8.5.2008.fna,211.9,5.34,4.17,3.07,387.71
2950,27-5-2008,2008,Q2,May,27,147,TACGAGACAAGTCGAG,27.5.2008.fna,328.6,6.43,4.56,2.98,388.45
2966,12-6-2008,2008,Q2,June,12,163,TACGAGACATACTTCG,12.6.2008.fna,335.8,1.14,0.95,0.81,387.55
2980,26-6-2008,2008,Q2,June,26,177,TACGAGACAGCTGCTA,26.6.2008.fna,415,2.8,2.09,1.34,387.26
3006,22-7-2008,2008,Q3,July,22,203,TACGAGACCATAGAGA,22.7.2008.fna,341.3,2.65,2.09,1.39,NA
3043,28-8-2008,2008,Q3,August,28,240,TACGAGACCGTAGATC,28.8.2008.fna,284.1,1.48,1.13,0.91,383.07
3069,23-9-2008,2008,Q3,September,23,266,TACGAGACCTCGTTAC,23.9.2008.fna,160.8,1.72,1.33,0.74,383.05
3090,14-10-2008,2008,Q4,October,14,287,TACGAGACGCGCACGT,14.10.2008.fna,NA,0.97,0.86,0.57,382.71
3107,31-10-2008,2008,Q4,October,31,304,TACGAGACGGTACTAT,31.10.2008.fna,188.9,4.8,3.44,2.31,NA
3127,20-11-2008,2008,Q4,November,20,324,TACGAGACGTATACGC,20.11.2008.fna,207.9,5.32,3.86,2.87,384.13
3567,4-2-2010,2010,Q1,February,4,34,TACGAGACTACGAGCA,4.2.2010.fna,NA,NA,NA,NA,388.66
3585,22-2-2010,2010,Q1,February,22,52,TACGAGACTCAGCGTT,22.2.2010.fna,347,8.97,6.6,4.4,391.7
3599,8-3-2010,2010,Q1,March,8,66,TACGAGACTCGCTACG,8.3.2010.fna,NA,3.53,3.39,2.87,391.54
3609,18-3-2010,2010,Q1,March,18,76,ACGTCTCGAAGTCGAG,18.3.2010.fna,NA,23.1,16.96,11.03,391.08
3621,30-3-2010,2010,Q1,March,30,88,ACGTCTCGATACTTCG,30.3.2010.fna,266.5,14.31,10.85,7.32,390.69
3634,12-4-2010,2010,Q2,April,12,101,ACGTCTCGCATAGAGA,12.4.2010.fna,172.5,3.8,2.84,2.03,391.15
3646,24-4-2010,2010,Q2,April,24,113,ACGTCTCGCGTAGATC,24.4.2010.fna,183.2,19.39,14.28,8.79,393.48
3662,10-5-2010,2010,Q2,May,10,129,ACGTCTCGCTCGTTAC,10.5.2010.fna,244.6,5.18,4.2,3.23,393.07
3678,26-5-2010,2010,Q2,May,26,145,ACGTCTCGAGCTGCTA,26.5.2010.fna,173.9,3.61,3.02,2.37,393.68
3684,1-6-2010,2010,Q2,June,1,151,ACGTCTCGGGTACTAT,1.6.2010.fna,213.5,1.71,1.5,1.16,392.15
3694,11-6-2010,2010,Q2,June,11,161,ACGTCTCGGCGCACGT,11.6.2010.fna,158.1,1.65,1.39,1.03,392.82
3736,23-7-2010,2010,Q3,July,23,203,ACGTCTCGTACGAGCA,23.7.2010.fna,224,1.16,1,0.64,389.81
3757,13-8-2010,2010,Q3,August,13,224,ACGTCTCGTCAGCGTT,13.8.2010.fna,250.1,0.66,0.66,0.66,389.07
3768,24-8-2010,2010,Q3,August,24,235,ACGTCTCGTCGCTACG,24.8.2010.fna,233,3.12,2.4,1.64,388.16
3791,16-9-2010,2010,Q3,September,16,258,TCGACGAGAAGTCGAG,16.9.2010.fna,174.2,0.69,0.73,0.61,387.28
3806,1-10-2010,2010,Q4,October,1,273,TCGACGAGCGTAGATC,1.10.2010.fna,243.5,1.27,0.93,0.77,386.71
3813,8-10-2010,2010,Q4,October,8,280,TCGACGAGAGCTGCTA,8.10.2010.fna,147.1,1.33,1.09,0.72,386.87
3858,22-11-2010,2010,Q4,November,22,325,TCGACGAGCTCGTTAC,22.11.2010.fna,170.2,1.23,1.08,0.8,388.73
3883,17-12-2010,2010,Q4,December,17,350,TCGACGAGGCGCACGT,17.12.2010.fna,167.4,1.76,1.27,0.88,389.42
3889,23-12-2010,2010,Q4,December,23,356,TCGACGAGGGTACTAT,23.12.2010.fna,706.5,8.81,6.04,3.59,389.68
3904,7-1-2011,2011,Q1,January,7,6,TCGACGAGGTATACGC,7.1.2011.fna,137.6,0.51,0.55,0.52,391.47
3918,21-1-2011,2011,Q1,January,21,20,TCGACGAGTCAGCGTT,21.1.2011.fna,95.6,2.21,1.66,0.96,NA
3925,28-1-2011,2011,Q1,January,28,27,TCGACGAGTCGCTACG,28.1.2011.fna,81.1,0.83,0.75,0.6,391.14
3932,4-2-2011,2011,Q1,February,4,34,GATCGTGTATACTTCG,4.2.2011.fna,90.1,0.57,0.66,0.74,392.48
3938,10-2-2011,2011,Q1,February,10,40,GATCGTGTAGCTGCTA,10.2.2011.fna,81.1,0.26,0.39,0.42,391.38
3942,14-2-2011,2011,Q1,February,14,44,GATCGTGTCATAGAGA,14.2.2011.fna,166.4,12.69,9.03,5.28,391.5
3946,18-2-2011,2011,Q1,February,18,48,GATCGTGTCGTAGATC,18.2.2011.fna,127.1,1.96,1.56,0.93,391.64
3952,24-2-2011,2011,Q1,February,24,54,GATCGTGTCTCGTTAC,24.2.2011.fna,95.3,23.97,16.22,9.21,391.53
3956,28-2-2011,2011,Q1,February,28,58,GATCGTGTGCGCACGT,28.2.2011.fna,NA,NA,NA,NA,392.34
3960,4-3-2011,2011,Q1,March,4,62,GATCGTGTGGTACTAT,4.3.2011.fna,241.7,4.98,3.75,2,392.52
3970,14-3-2011,2011,Q1,March,14,72,GATCGTGTGTATACGC,14.3.2011.fna,104.2,7.67,6.66,5.58,391.62
3974,18-3-2011,2011,Q1,March,18,76,GATCGTGTTACGAGCA,18.3.2011.fna,88.3,0.43,0.6,0.62,391.98
3977,21-3-2011,2011,Q1,March,21,79,GATCGTGTTCAGCGTT,21.3.2011.fna,NA,NA,NA,NA,392.52
3980,24-3-2011,2011,Q1,March,24,82,GATCGTGTTCGCTACG,24.3.2011.fna,112,2.23,1.71,1.19,392.09
3981,25-3-2011,2011,Q1,March,25,83,TCGACGAGTACGAGCA,25.3.2011.fna,111.3,5.81,5.28,4.45,392.13
3987,31-3-2011,2011,Q1,March,31,89,GTCAGATAATACTTCG,31.3.2011.fna,167.5,4.6,3.74,2.76,394.32
3988,1-4-2011,2011,Q2,April,1,90,GTCAGATACGTAGATC,1.4.2011.fna,130.1,4.21,3.58,2.74,394.11
3995,8-4-2011,2011,Q2,April,8,97,GTCAGATACTCGTTAC,8.4.2011.fna,NA,NA,NA,NA,393.48
4001,14-4-2011,2011,Q2,April,14,103,GTCAGATAAGCTGCTA,14.4.2011.fna,194.8,0.54,0.67,0.43,392.06
4007,20-4-2011,2011,Q2,April,20,109,GTCAGATAGCGCACGT,20.4.2011.fna,163.3,NA,NA,NA,394.17
4009,22-4-2011,2011,Q2,April,22,111,GTCAGATAGGTACTAT,22.4.2011.fna,350.3,NA,NA,NA,393.45
4013,26-4-2011,2011,Q2,April,26,115,GTCAGATAGTATACGC,26.4.2011.fna,79.9,NA,NA,NA,392.84
4016,29-4-2011,2011,Q2,April,29,118,GTCAGATATACGAGCA,29.4.2011.fna,NA,NA,NA,NA,NA
4020,3-5-2011,2011,Q2,May,3,122,GTCAGATATCAGCGTT,3.5.2011.fna,101.1,NA,NA,NA,393.34
4023,6-5-2011,2011,Q2,May,6,125,GTCAGATATCGCTACG,6.5.2011.fna,135.6,1.58,1.28,0.95,393.44
4030,13-5-2011,2011,Q2,May,13,132,CTCTCTATAAGTCGAG,13.5.2011.fna,175.3,4.47,3.32,2.21,392.55
4035,18-5-2011,2011,Q2,May,18,137,CTCTCTATATACTTCG,18.5.2011.fna,77.3,3.87,3.49,3,394.14
4036,19-5-2011,2011,Q2,May,19,138,GTCAGATACATAGAGA,19.5.2011.fna,109.6,3.73,3.33,2.91,394.72
4040,23-5-2011,2011,Q2,May,23,142,CTCTCTATAGCTGCTA,23.5.2011.fna,106.7,8.33,6.82,5.25,395.01
4044,27-5-2011,2011,Q2,May,27,146,CTCTCTATCATAGAGA,27.5.2011.fna,126.7,7.05,5.14,3.42,395.27
4051,3-6-2011,2011,Q2,June,3,153,CTCTCTATCGTAGATC,3.6.2011.fna,188.9,21.44,14.88,8.79,394.06
4055,7-6-2011,2011,Q2,June,7,157,CTCTCTATCTCGTTAC,7.6.2011.fna,223.4,17.28,12.37,7.54,394.33
4058,10-6-2011,2011,Q2,June,10,160,CTCTCTATGCGCACGT,10.6.2011.fna,230.8,4.04,2.2,1.39,393.98
4062,14-6-2011,2011,Q2,June,14,164,CTCTCTATGGTACTAT,14.6.2011.fna,134.6,NA,NA,NA,393.34
4065,17-6-2011,2011,Q2,June,17,167,CTCTCTATGTATACGC,17.6.2011.fna,178.3,2.14,1.65,1.22,393.52
4071,29-11-2002,2011,Q2,June,23,173,CTCTCTATTACGAGCA,29.11.2002.fna,NA,NA,NA,NA,393.78
4075,27-6-2011,2011,Q2,June,27,177,CTCTCTATTCAGCGTT,27.6.2011.fna,120.2,3.36,2.47,1.81,392.83
4085,7-7-2011,2011,Q3,July,7,187,CTCTCTATTCGCTACG,7.7.2011.fna,97.1,1.38,0.98,0.68,393.53
4093,15-7-2011,2011,Q3,July,15,195,TATCCTCTAAGTCGAG,15.7.2011.fna,227.9,1.57,1.19,0.87,392.21
4100,22-7-2011,2011,Q3,July,22,202,TATCCTCTATACTTCG,22.7.2011.fna,184.5,2.52,1.91,1.35,391.6
4104,26-7-2011,2011,Q3,July,26,206,TATCCTCTAGCTGCTA,26.7.2011.fna,517.3,19.35,12.95,7.34,390.98
4110,1-8-2011,2011,Q3,August,1,212,TATCCTCTCATAGAGA,1.8.2011.fna,312.2,7.06,4.74,2.69,392.19
4128,19-8-2011,2011,Q3,August,19,230,TATCCTCTCGTAGATC,19.8.2011.fna,173.7,0.73,0.74,0.6,390.72
4135,26-8-2011,2011,Q3,August,26,237,TATCCTCTCTCGTTAC,26.8.2011.fna,221.4,0.99,0.98,0.79,389.56
4141,1-9-2011,2011,Q3,September,1,243,TATCCTCTGCGCACGT,1.9.2011.fna,182.5,2.04,1.64,1.05,389.27
4148,8-9-2011,2011,Q3,September,8,250,TATCCTCTGGTACTAT,8.9.2011.fna,121.5,0.61,0.69,0.45,388.25
4159,19-9-2011,2011,Q3,September,19,261,TATCCTCTGTATACGC,19.9.2011.fna,177.8,0.71,0.76,0.49,388.89
4167,27-9-2011,2011,Q3,September,27,269,TATCCTCTTACGAGCA,27.9.2011.fna,208,10.4,7.12,4.04,388.84
4169,29-9-2011,2011,Q3,September,29,271,TATCCTCTTCAGCGTT,29.9.2011.fna,277.4,12.44,8.55,5,388.49
4182,12-10-2011,2011,Q4,October,12,284,GTAAGGAGAAGTCGAG,12.10.2011.fna,NA,0.65,0.57,0.53,388.61
4188,18-10-2011,2011,Q4,October,18,290,GTAAGGAGATACTTCG,18.10.2011.fna,NA,3.64,2.85,2,388.98
4190,20-10-2011,2011,Q4,October,20,292,GTAAGGAGAGCTGCTA,20.10.2011.fna,NA,1.88,1.53,1.16,388.83
4198,28-10-2011,2011,Q4,October,28,300,GTAAGGAGCATAGAGA,28.10.2011.fna,NA,1.17,0.91,0.51,389.2
4204,3-11-2011,2011,Q4,November,3,306,GTAAGGAGCGTAGATC,3.11.2011.fna,NA,2.39,1.82,1.22,389.46
4215,14-11-2011,2011,Q4,November,14,317,GTAAGGAGCTCGTTAC,14.11.2011.fna,NA,18.67,12.7,7.17,389.91
4217,16-11-2011,2011,Q4,November,16,319,GTAAGGAGGCGCACGT,16.11.2011.fna,NA,11.92,8.12,4.73,390.3
4218,17-11-2011,2011,Q4,November,17,320,GTAAGGAGGGTACTAT,17.11.2011.fna,NA,29.79,20.23,11.36,390.44
4222,21-11-2011,2011,Q4,November,21,324,GTAAGGAGGTATACGC,21.11.2011.fna,NA,3.64,2.57,1.6,390.32
4226,25-11-2011,2011,Q4,November,25,328,GTAAGGAGTACGAGCA,25.11.2011.fna,NA,1.3,1.12,0.69,390.57
4233,2-12-2011,2011,Q4,December,2,335,GTAAGGAGTCAGCGTT,2.12.2011.fna,NA,6.73,4.76,2.84,391.05
4237,6-12-2011,2011,Q4,December,6,339,GTAAGGAGTCGCTACG,6.12.2011.fna,128.6,4.46,3.13,1.86,390.93
4239,8-12-2011,2011,Q4,December,8,341,ACTGCATAAAGTCGAG,8.12.2011.fna,66.1,1.66,1.36,1.02,391.15
4246,15-12-2011,2011,Q4,December,15,348,ACTGCATAATACTTCG,15.12.2011.fna,341.4,12.58,9.04,5.87,391.86
4253,22-12-2011,2011,Q4,December,22,355,ACTGCATACATAGAGA,22.12.2011.fna,100.7,0.45,0.48,0.39,392.43
4265,3-1-2012,2012,Q1,January,3,2,ACTGCATACGTAGATC,3.1.2012.fna,181.4,0.48,0.46,0.4,392.11
4275,13-1-2012,2012,Q1,January,13,12,ACTGCATAGCGCACGT,13.1.2012.fna,350.4,0.21,0.3,0.29,393.02
4279,17-1-2012,2012,Q1,January,17,16,ACTGCATAGGTACTAT,17.1.2012.fna,236,1.28,1.02,0.65,394.76
4281,19-1-2012,2012,Q1,January,19,18,ACTGCATAGTATACGC,19.1.2012.fna,213.6,0.43,0.5,0.54,393.01
4287,25-1-2012,2012,Q1,January,25,24,ACTGCATATACGAGCA,25.1.2012.fna,NA,NA,NA,NA,393.19
4288,26-1-2012,2012,Q1,January,26,25,ACTGCATACTCGTTAC,26.1.2012.fna,176.4,0.35,0.63,0.54,393.43
4289,27-1-2012,2012,Q1,January,27,26,ACTGCATATCAGCGTT,27.1.2012.fna,168.2,0.4,0.52,0.51,393.53
4295,2-2-2012,2012,Q1,February,2,32,ACTGCATATCGCTACG,2.2.2012.fna,203.1,1.15,0.89,0.66,392.8
4301,8-2-2012,2012,Q1,February,8,38,AAGGAGTAAAGTCGAG,8.2.2012.fna,206.4,0.5,0.59,0.52,392.26
4303,10-2-2012,2012,Q1,February,10,40,AAGGAGTAATACTTCG,10.2.2012.fna,1243,0.32,0.4,0.4,392.01
4316,23-2-2012,2012,Q1,February,23,53,AAGGAGTAAGCTGCTA,23.2.2012.fna,251.5,0.85,0.76,0.62,394.64
4327,5-3-2012,2012,Q1,March,5,64,AAGGAGTACATAGAGA,5.3.2012.fna,728,7.48,5.59,3.82,394.09
4330,8-3-2012,2012,Q1,March,8,67,AAGGAGTACGTAGATC,8.3.2012.fna,304.6,1.77,1.26,0.87,394.24
4335,13-3-2012,2012,Q1,March,13,72,AAGGAGTACTCGTTAC,13.3.2012.fna,341.1,1.43,1.14,0.9,393.18
4338,16-3-2012,2012,Q1,March,16,75,AAGGAGTAGCGCACGT,16.3.2012.fna,148.7,1.82,1.57,1.24,393.73
4343,21-3-2012,2012,Q1,March,21,80,AAGGAGTAGGTACTAT,21.3.2012.fna,190.1,2.03,1.52,1.28,394.89
4348,26-3-2012,2012,Q1,March,26,85,AAGGAGTAGTATACGC,26.3.2012.fna,129,0.56,0.45,0.32,394.78
4351,29-3-2012,2012,Q1,March,29,88,AAGGAGTATACGAGCA,29.3.2012.fna,192,12.88,11.61,10.43,395.34
4363,10-4-2012,2012,Q2,April,10,100,AAGGAGTATCGCTACG,10.4.2012.fna,160.8,9.46,8.2,6.79,395.54
4374,21-4-2012,2012,Q2,April,21,111,CTAAGCCTAAGTCGAG,21.4.2012.fna,271.2,14.43,10.29,6.68,396.12
4387,4-5-2012,2012,Q2,May,4,124,CTAAGCCTATACTTCG,4.5.2012.fna,83.4,28.33,26.59,24.43,396.92
4401,18-5-2012,2012,Q2,May,18,138,CTAAGCCTAGCTGCTA,18.5.2012.fna,124.9,9.36,7.6,6.17,397.03
4412,29-5-2012,2012,Q2,May,29,149,AAGGAGTATCAGCGTT,29.5.2012.fna,256.8,2.47,1.77,1.25,396.47
4414,31-5-2012,2012,Q2,May,31,151,CTAAGCCTCATAGAGA,31.5.2012.fna,198.6,3.89,3.09,2.5,396.36
4427,13-6-2012,2012,Q2,June,13,164,CTAAGCCTCGTAGATC,13.6.2012.fna,269.6,6.4,4.86,3.4,396.74
4436,22-6-2012,2012,Q2,June,22,173,CTAAGCCTCTCGTTAC,22.6.2012.fna,258.8,2.49,1.78,1.18,395.82
4457,13-7-2012,2012,Q3,July,13,194,CTAAGCCTGCGCACGT,13.7.2012.fna,205,1.35,1.05,0.76,394.73
4464,20-7-2012,2012,Q3,July,20,201,CTAAGCCTGGTACTAT,20.7.2012.fna,311.1,1.92,1.31,0.82,393.84
4475,31-7-2012,2012,Q3,July,31,212,CTAAGCCTGTATACGC,31.7.2012.fna,254.1,0.59,0.48,0.41,393.77
4491,16-8-2012,2012,Q3,August,16,228,CTAAGCCTTACGAGCA,16.8.2012.fna,297.9,4.56,3.37,2.42,392.51
4506,31-8-2012,2012,Q3,August,31,243,CTAAGCCTTCAGCGTT,31.8.2012.fna,361.6,0.23,0.34,0.44,391.9
4510,4-9-2012,2012,Q3,September,4,247,CTAAGCCTTCGCTACG,4.9.2012.fna,375.1,0.45,0.48,0.56,391.74
4526,20-9-2012,2012,Q3,September,20,263,CGTCTAATAAGTCGAG,20.9.2012.fna,478.2,1.38,1.19,0.81,390.61
4545,9-10-2012,2012,Q4,October,9,282,CGTCTAATATACTTCG,9.10.2012.fna,275,0.65,0.58,0.51,390.98
4555,19-10-2012,2012,Q4,October,19,292,CGTCTAATAGCTGCTA,19.10.2012.fna,222.3,0.42,0.37,0.37,390.82
4562,26-10-2012,2012,Q4,October,26,299,CGTCTAATCATAGAGA,26.10.2012.fna,426.6,8.45,6.11,4.09,391.27
4576,9-11-2012,2012,Q4,November,9,313,CGTCTAATCGTAGATC,9.11.2012.fna,384.3,1.04,0.8,0.46,391.99
4588,21-11-2012,2012,Q4,November,21,325,CGTCTAATCTCGTTAC,21.11.2012.fna,365.5,2.46,1.8,1.37,393.33
4604,7-12-2012,2012,Q4,December,7,341,CGTCTAATGCGCACGT,7.12.2012.fna,440.5,1.3,1.03,0.77,393.32
4625,28-12-2012,2012,Q4,December,28,362,CGTCTAATGGTACTAT,28.12.2012.fna,NA,0.55,0.5,0.49,394.62
