"","observation","wingspan","mass","velocity","variety"
"1",1,29.4018331168113,73.7040149127064,18.643773946499,"African"
"2",2,32.8078558664382,74.2054004727631,20.9211846029526,"African"
"3",3,32.4706203212913,85.2931993870422,17.8904978378472,"European"
"4",4,26.3900582580286,55.6358780307013,22.0606726896328,"African"
"5",5,25.1754085720332,59.7006699104673,21.9518070511847,"European"
"6",6,20.4971144198729,26.6830218012958,22.6644409869953,"European"
"7",7,34.0436113781654,87.2608545856492,22.3080943022995,"European"
"8",8,25.5790115938052,62.5767045158062,21.3126633315288,"African"
"9",9,25.392680433959,54.8817322661554,20.5703000525664,"European"
"10",10,29.2167013788804,72.6149273858104,25.4670422438226,"African"
"11",11,27.3313223888606,60.9098607909014,21.7328666088302,"African"
"12",12,25.5159056458609,62.1484486540404,19.6644328056644,"European"
"13",13,23.8022542101259,48.997791859539,17.904839588255,"African"
"14",14,29.5891306417021,77.5959309612941,24.7013826150101,"African"
"15",15,27.4880935059217,59.8726751230117,19.5345253747788,"African"
"16",16,23.1416749037705,48.9529497559959,22.0320923341722,"African"
"17",17,26.0178354760901,55.6958647653156,22.3586014393841,"European"
"18",18,25.7705486554583,55.8252512635451,21.133887844689,"European"
"19",19,30.5475135131506,75.3454805947658,28.1791602132346,"European"
"20",20,29.6579817527148,67.4421921145752,23.8940021908686,"African"
"21",21,28.6938387306229,66.6226187180749,17.6621662238757,"African"
"22",22,30.1539714776078,75.394569906371,21.6691436913602,"African"
"23",23,25.9168631666468,57.172113968009,20.8973214065857,"African"
"24",24,24.419929034314,53.6927748763609,24.0093494835141,"African"
"25",25,23.5138349340042,52.8130696968701,19.1895661652679,"African"
"26",26,22.5617273288013,49.0778186347925,16.7528442052691,"African"
"27",27,27.629933729299,64.265012216827,20.8461061773592,"African"
"28",28,27.0115956892519,58.0583692852493,20.5839965718359,"European"
"29",29,27.5285357330305,65.4586840606502,26.4840723142002,"African"
"30",30,34.0603436901048,88.3938630119438,27.2574636171294,"African"
"31",31,26.8377880911949,63.1335721448059,21.3785732585697,"African"
"32",32,27.3861371879524,65.8804393687361,22.9349937856862,"European"
"33",33,30.4746180026538,70.4272266970209,18.1554369532294,"African"
"34",34,29.5880365598429,71.4961697516305,29.0822191362596,"African"
"35",35,27.6325456516319,63.549923341711,29.0328477085472,"European"
"36",36,26.4627885603646,61.6530967738404,17.6222071947769,"European"
"37",37,26.2083990710343,61.0849716702772,17.1746216149266,"European"
"38",38,29.9081205600842,77.7301248056017,18.5651107297051,"European"
"39",39,27.7093300897679,69.0010325384468,20.0723447968289,"African"
"40",40,31.2180642014758,81.2282435265765,16.7560564613375,"African"
"41",41,30.8727742232692,75.1429299134591,20.6681500015467,"European"
"42",42,29.6324297375781,71.2695092709194,27.6057676055387,"African"
"43",43,26.7629264888571,60.9684087100376,22.8845717323818,"African"
"44",44,27.9929388738953,67.8797395436926,17.149627087302,"African"
"45",45,24.4035127971427,49.5685753500536,21.9980813348194,"African"
"46",46,25.2824521509402,57.3368476547868,18.3997014384787,"European"
"47",47,27.7181265708747,62.0838847248241,19.7782249887823,"African"
"48",48,21.9724412917464,39.6859532025926,24.6581200262272,"European"
"49",49,27.8928474346733,68.400131759793,20.798556145642,"European"
"50",50,29.1475233985161,71.7775545308869,21.2574587155282,"African"
"51",51,28.9029903422101,70.685550804076,24.3684303818495,"African"
"52",52,32.0966767297373,78.7644014001866,14.9618223023469,"European"
"53",53,23.470118023624,43.6817487503239,17.9758931115199,"African"
"54",54,29.4894005045586,75.95005873725,21.9600600462301,"European"
"55",55,38.2618249787606,97.3071851129866,21.6788088960963,"European"
"56",56,26.2848389867058,66.3788474955352,21.316264162499,"European"
"57",57,30.5355621593818,73.8168376145087,21.0885231469776,"European"
"58",58,29.610280506636,66.0546190311491,15.9395207785262,"European"
"59",59,24.5483657749999,58.5196362128659,22.4581752743213,"European"
"60",60,26.6551031443194,57.0917100153388,16.3890825908801,"African"
"61",61,28.745559356058,73.0669544886917,21.0480301964994,"African"
"62",62,26.6621725970356,57.8727731551394,21.9666661948426,"African"
"63",63,30.20884941953,71.5955953962575,20.2697154922209,"African"
"64",64,28.096541486138,63.7421369794927,23.9281569169889,"European"
"65",65,26.8836918009889,63.0006832254133,25.1508895918323,"European"
"66",66,29.5006166155681,69.6070640905082,26.3380088994301,"African"
"67",67,31.0663470830127,72.2316242710538,22.1925634339201,"European"
"68",68,22.9322238609022,48.9307506597798,25.1102952334188,"African"
"69",69,23.5758269329608,52.2882267941507,22.3015184766248,"European"
"70",70,30.048113308794,73.7223966315031,24.4442034376602,"European"
"71",71,27.8232358053371,67.4058069730316,23.525692188512,"European"
"72",72,25.9668202363531,63.5454141266883,25.1046324272224,"African"
"73",73,29.2599342512934,79.7478323822574,16.823649216698,"African"
"74",74,27.2608352957127,60.1485980813849,26.3512800569499,"African"
"75",75,25.0216637539264,60.7486090982951,17.3849142002511,"African"
"76",76,26.1575408877953,59.4835101366064,24.8088342380455,"African"
"77",77,28.3867594342143,68.6148480918056,20.4193987963971,"European"
"78",78,26.3456786038745,54.0037418749679,27.8628341817921,"European"
"79",79,31.1370039002649,78.347638693908,18.6717943267203,"African"
"80",80,22.138515302418,52.1106372922712,17.5823061677652,"African"
"81",81,33.5931390071234,87.4381755240385,20.5518464408375,"European"
"82",82,29.468463954932,67.0067754501912,18.2507827598337,"African"
"83",83,21.5097267270486,33.453757171805,17.5654082181381,"African"
"84",84,26.6905872549059,54.7384450441417,21.9055019956333,"European"
"85",85,31.5624821619847,81.4899587778673,19.1570794003638,"African"
"86",86,32.2330940258807,79.5179140645023,24.1437157556906,"African"
"87",87,29.2578406719049,64.4776425398418,18.1664237179939,"African"
"88",88,24.7583949951943,50.5563828428518,22.5379149812112,"African"
"89",89,34.129579812034,86.4037296716718,18.6008833164296,"African"
"90",90,22.9287711711912,47.4195200709633,22.6564713476552,"African"
"91",91,24.9657958026565,56.0531270211972,22.8224611591118,"African"
"92",92,28.3668858744723,64.2920335706937,22.2388138620977,"European"
"93",93,30.9201340194625,79.8004490319843,19.0049248714456,"African"
"94",94,26.2086837263311,63.2228992048097,24.6417651435504,"European"
"95",95,27.2844371782923,62.6265258435161,22.0431234310966,"African"
"96",96,21.3727251780775,40.8993005845009,18.3284865021929,"European"
"97",97,33.9590802851273,94.752660433401,15.1549622648892,"African"
"98",98,29.0502100651271,69.5883828097323,25.8065026307214,"African"
"99",99,26.9834745809189,61.0249762927356,25.687033867206,"African"
"100",100,27.41499475562,67.7294442252565,23.5090373019424,"African"
"101",101,28.8240888813575,65.3356429085207,24.3913092019288,"European"
"102",102,25.260616418698,54.7572258689301,23.4721999429292,"European"
"103",103,25.1303211057825,55.6954507761998,17.7905797288519,"African"
"104",104,23.7242337717357,49.3816111601824,22.3857981731454,"African"
"105",105,27.2857715882686,65.4300940401234,14.8205429895549,"European"
"106",106,31.595816854049,82.8821512147447,21.6029249447844,"European"
"107",107,26.2108182450717,57.6961063388057,18.5545352794273,"African"
"108",108,28.7759386284673,68.6349342252907,17.1797914507759,"African"
"109",109,23.3153271790095,54.2648718930323,18.7975823564714,"European"
"110",110,28.7534596515551,73.7931468422055,19.1473128093641,"European"
"111",111,22.9337832928115,45.8225675917515,24.9222208576508,"African"
"112",112,30.5135939667313,69.5452245756738,14.9676466991569,"European"
"113",113,30.2654602233988,71.7368843373689,26.0469274869442,"European"
"114",114,23.0243621949615,54.3601055803852,20.9138781606622,"European"
"115",115,28.8517669377392,76.7419775532491,22.7691226623512,"European"
"116",116,26.8617865357152,64.7836638077961,17.9778186178188,"European"
"117",117,34.2952238537748,88.7874513021846,22.6620795909841,"African"
"118",118,31.2499133710695,67.3555159931822,19.6672097874366,"European"
"119",119,34.0522024199479,87.3505539377242,23.0867550973035,"European"
"120",120,32.309716595244,82.9966860539942,20.3519531820036,"European"
"121",121,23.8274612415194,55.9029278298649,21.9414240732456,"African"
"122",122,24.8168061519694,48.5200816597785,17.495600712874,"European"
"123",123,28.8595237785066,71.7961084499429,19.7819851569254,"African"
"124",124,29.7931828700911,69.4018794706946,19.1839345171862,"African"
"125",125,20.9850481136967,46.3851975836261,16.8435869196694,"European"
"126",126,28.9436869498685,72.5093794240686,23.7456584006686,"African"
"127",127,26.0117930402844,57.7082671209015,25.1635645839856,"European"
"128",128,30.8574086633385,74.0809378700998,22.2012202701367,"African"
"129",129,26.4389187275077,66.5277907534008,19.7112844403877,"European"
"130",130,30.4167659761602,79.5369196075488,22.8832192771421,"European"
"131",131,32.8954029312732,81.103604160323,20.3051565180584,"African"
"132",132,26.0818665370825,57.8253048274549,24.189129233841,"European"
"133",133,26.4520494184771,63.0788782147218,15.9498011426053,"African"
"134",134,28.872644449088,61.9610872478261,19.2570229531183,"European"
"135",135,24.2665513065419,56.8053636779532,19.2774565864851,"European"
"136",136,29.2844146795234,70.9365948880123,21.9770127630837,"European"
"137",137,26.5383122085822,61.3697113351887,20.8416563932654,"European"
"138",138,21.5657152639956,46.214874911683,26.2262557538659,"African"
"139",139,22.7486418376549,40.1070815205928,25.70350649957,"African"
"140",140,26.6893307291324,57.4500353127207,16.2391297839334,"African"
"141",141,29.5499159455831,70.5779649953235,25.0147707214354,"African"
"142",142,24.5175369052574,51.0681245324471,20.881063609953,"European"
"143",143,26.1522927153709,52.9647734591652,20.5978547241599,"African"
"144",144,25.9644924658749,62.777488547641,19.4056384983225,"European"
"145",145,24.4857368327236,48.3617966336775,19.5642545728477,"European"
"146",146,27.5426754543148,67.3953375336832,20.5490360504625,"African"
"147",147,27.0506979868017,59.3934982888184,21.721511831658,"African"
"148",148,22.9109979573133,38.4906895805245,22.5383188824786,"European"
"149",149,30.5931854239439,75.2521803449618,19.4234821812478,"European"
"150",150,25.0058002931168,57.5382615278354,20.1551124642597,"African"
"151",151,26.999668128507,66.6316745988405,21.1693776940502,"European"
"152",152,28.6824748970601,66.6081051403566,20.4978470990677,"African"
"153",153,27.3812293447448,65.7086796443959,22.2718182134567,"African"
"154",154,22.6000604576182,45.2859400866976,20.1429558094396,"European"
"155",155,24.8514350211312,52.1566105978835,23.1464903211448,"European"
"156",156,26.9091586013471,63.4661026675765,21.4112186457899,"African"
"157",157,24.307662710415,51.2382766134814,21.0895843515654,"European"
"158",158,22.7594294788724,48.2246491461987,22.3344981839769,"African"
"159",159,26.6963974638295,53.7708623644426,16.313340701988,"European"
"160",160,29.3756527158695,74.5202248965399,17.9148200533264,"African"
"161",161,30.269994664588,64.0013610027982,17.9866727442879,"European"
"162",162,23.6773678825719,48.9922599389419,24.6913771614553,"European"
"163",163,24.4223984292539,52.188426510683,24.2395102543885,"African"
"164",164,30.8015862011397,80.320333476785,22.42077417483,"African"
"165",165,25.984202027056,61.5405477336837,17.4616102181259,"European"
"166",166,22.708509882857,41.6663640195974,18.6855639681942,"African"
"167",167,29.2230574340762,63.8347344671602,20.3412954899548,"European"
"168",168,29.7783001434161,73.1935164638701,21.5882304695331,"African"
"169",169,24.401149308731,51.2047007528011,22.8051925893891,"African"
"170",170,28.5390082439196,65.4636837080231,26.6215559728742,"African"
"171",171,30.4824186046137,71.0969549268198,20.6865501958836,"European"
"172",172,32.5679325822794,85.0776104928605,20.7344820065061,"European"
"173",173,29.3288215516061,62.6931206268701,22.7599130470584,"European"
"174",174,21.7182002643122,44.2238270146911,21.9174526052021,"European"
"175",175,25.908544354373,60.6115651665465,17.8783285815859,"European"
"176",176,26.2200447174251,62.7039658694488,21.8116564988637,"European"
"177",177,32.3296497801149,83.5250383567114,20.0394662577946,"African"
"178",178,25.9345894511897,54.3970946529318,21.1780257201923,"European"
"179",179,28.6447643012837,75.828150198476,22.6382010372558,"African"
"180",180,26.7247577744209,64.5316172463384,26.8730695865395,"European"
"181",181,22.9580157342171,45.9249169839803,21.6316125300578,"European"
"182",182,27.8969542919431,63.2407310826947,20.8553377334057,"European"
"183",183,27.5985229182996,55.0747724254027,20.7437673202164,"African"
"184",184,26.6313491081838,56.5287809375562,16.5175488283667,"European"
"185",185,29.345608643799,69.7921924846698,25.6149831809562,"European"
"186",186,28.6101885003782,63.0046338744201,19.6330683183368,"African"
"187",187,37.8751516717497,102.512017720911,23.0851218819518,"European"
"188",188,28.7675075498069,69.1529826478339,23.525170504517,"African"
"189",189,23.1514408184344,47.9065835778509,21.2911634183121,"European"
"190",190,28.9212972762581,64.3457123639676,17.9084130246155,"European"
"191",191,21.1937845771824,41.2747601006133,19.5363392164866,"African"
"192",192,30.4781711104739,76.5102206919568,19.9808970048259,"African"
"193",193,25.2811117636459,65.6846470628141,18.9087297383422,"African"
"194",194,29.0310278633265,70.9540389773257,21.1646657261569,"African"
"195",195,33.9427910516476,83.2099231258324,21.7544152236311,"African"
"196",196,18.2353789439248,28.6158666394048,23.1546791392293,"European"
"197",197,25.6454946039346,46.4034169632252,27.0798971189726,"African"
"198",198,26.377605775773,57.5280321273354,21.9439232751017,"European"
"199",199,35.1655275514337,89.8387296779345,25.1564568017338,"African"
"200",200,22.153121458711,45.986957860854,18.2490073519396,"European"
"201",201,30.0772935524345,74.3003111285406,26.6869831584711,"European"
"202",202,29.5354139819118,64.2856212448666,20.0328002390662,"European"
"203",203,28.6251310024655,64.6887384121012,17.8247913270247,"European"
"204",204,28.523743225057,68.9122919382307,22.9306793692356,"African"
"205",205,25.4783885174432,51.9450714143822,23.1630443573769,"European"
"206",206,31.8990251436862,78.1620477021565,18.556153741224,"European"
"207",207,29.9371893162388,71.3438880811235,23.6923621634228,"African"
"208",208,29.3731334953607,75.1672679241932,19.9252577083463,"European"
"209",209,25.6936703579173,52.7534563648518,23.2360573871931,"European"
"210",210,25.1596349732792,61.6791438199104,26.1421734471174,"African"
"211",211,26.5541488501124,68.1994820567007,21.3837976024373,"African"
"212",212,28.2484298776898,65.2692960240844,19.1199658367852,"African"
"213",213,28.9190501345693,68.9775320787381,21.1124621896532,"European"
"214",214,27.4398920354987,57.1335388727865,16.9683258463856,"European"
"215",215,29.7833565603465,72.9887106661204,22.2214817704947,"African"
"216",216,25.3635382074707,54.0606907689436,24.2596736064366,"European"
"217",217,30.323322112028,70.4786033979628,19.3278257102256,"European"
"218",218,29.5151634311717,72.876194703238,19.3596300721549,"African"
"219",219,28.6661376408827,63.8691767800782,27.1909076422495,"European"
"220",220,23.755695767688,52.9259712305462,21.6843954189501,"African"
"221",221,34.8507190082421,85.6837955299834,23.0353029798632,"African"
"222",222,30.3025038075563,72.0693367143951,23.5523425900055,"European"
"223",223,26.7213853664103,55.5429637445305,19.4188749158245,"European"
"224",224,28.3843194490443,59.3483687410857,21.3285527445852,"European"
"225",225,26.9113414449878,60.2811536965251,21.7771549102908,"European"
"226",226,26.3584412694847,58.8465454518359,18.5922940582956,"European"
"227",227,28.8857634345038,68.7363781503567,20.5976183059742,"African"
"228",228,29.6434692196417,62.6893148072653,18.035805873419,"European"
"229",229,28.1590585157218,71.7182399558374,22.1003311007231,"European"
"230",230,28.336749634712,67.3213198913119,18.9253182085603,"European"
"231",231,28.3620046463341,68.0302518250921,22.7252059111894,"European"
"232",232,28.6918241939532,65.6349750782381,23.0761733237638,"European"
"233",233,26.155392021749,67.6788249240973,23.4180726415679,"European"
"234",234,27.585615980747,64.660548616622,22.1561976232539,"European"
"235",235,28.8681164823818,73.5359677783272,19.3060399227988,"European"
"236",236,25.5890634925461,59.9951869653351,19.0151730338571,"European"
"237",237,28.31277926969,68.5888866003154,17.9419730527585,"African"
"238",238,33.0375686017424,80.5062570969877,21.8965186520116,"African"
"239",239,30.5637046719431,75.1075010881117,20.4504809656101,"African"
"240",240,27.3612043463359,66.0234760102391,20.3052860753702,"European"
"241",241,28.2723647783093,66.2649370601992,22.2833435919673,"European"
"242",242,28.7720703750151,66.9862868251107,24.827754827145,"European"
"243",243,23.0939503440407,47.298194805223,20.917564904186,"African"
"244",244,30.5043651608927,67.3299710135699,23.9659474111376,"African"
"245",245,25.5112519647545,59.9671243034165,16.5390602072732,"African"
"246",246,31.1924473388249,74.9580722536769,18.5887420546969,"African"
"247",247,32.8137970943378,85.3926586237906,16.0103751011856,"European"
"248",248,28.6347155709299,65.5074336680849,26.1883797473563,"European"
"249",249,29.3972586983897,74.0382419046821,19.8876828277832,"African"
"250",250,25.9794354567279,53.5392190842735,27.556528594665,"European"
"251",251,29.9132324144262,69.9607814282871,22.170218790478,"European"
"252",252,28.6129711479638,68.2515486562689,17.2852126394727,"African"
"253",253,26.6899300394023,61.6730747897266,23.4591382090485,"European"
"254",254,29.1007861868258,73.5928795693853,21.7451266265665,"African"
"255",255,32.5001729677648,76.9668817564757,22.1533369473945,"European"
"256",256,18.2231197477551,31.5556638945792,16.6040520690097,"European"
"257",257,31.0490370628937,78.3056624157933,17.5004438227119,"African"
"258",258,24.8691689733912,53.9486435481226,26.4507515726805,"African"
"259",259,32.096399717334,80.4828070294598,22.4437362973293,"African"
"260",260,34.5035183699931,84.4184043156595,19.6084891945522,"European"
"261",261,29.4473813729508,64.8339960641914,16.7757828993662,"European"
"262",262,23.2808108596641,48.8791190743478,23.6255821109486,"African"
"263",263,28.1405479887266,57.5479093047949,19.3555707199865,"European"
"264",264,26.5741108710472,62.1612544079404,21.1314605675002,"African"
"265",265,24.8789688927743,52.7681119811414,21.8774010611885,"African"
"266",266,30.567005157496,75.1955041857373,20.2044594552901,"European"
"267",267,33.6907885808103,84.479666908073,22.6390165588295,"European"
"268",268,27.9248367016441,63.5461473787033,20.0571572863436,"European"
"269",269,31.0968461255205,73.3498572891715,21.8959825381882,"African"
"270",270,31.5553442262555,77.8018175050905,24.0755522256413,"European"
"271",271,28.2387422213391,64.3243336150972,23.0346610076922,"European"
"272",272,29.8411971450641,70.2146851663591,18.5740217531712,"African"
"273",273,30.4293494605184,78.3457015766587,25.4531170238943,"African"
"274",274,33.5086617028625,78.5397889425444,19.4377073322016,"European"
"275",275,26.9363008016545,67.7073693317428,24.3722119475443,"African"
"276",276,27.4350341554569,69.2829401750739,20.3808135272533,"African"
"277",277,26.7032270048219,59.9422367379356,22.8847088622216,"European"
"278",278,26.1292508741624,54.4262371688665,19.5434768344171,"European"
"279",279,23.9111402962758,49.0184791982321,22.0000871122891,"African"
"280",280,31.0556176269631,72.7183684721102,21.397478069591,"African"
"281",281,27.7287192343828,61.2863543844909,20.3230378529359,"African"
"282",282,28.2557076812828,65.3436873977329,19.2883566614586,"European"
"283",283,24.952053009457,58.6518269777803,21.468068161523,"European"
"284",284,31.1400087072655,76.8775602974875,23.7245501878435,"European"
"285",285,24.1364948273173,48.0517233478222,19.0520618490311,"European"
"286",286,32.0802707643381,80.1754500270323,21.096681366737,"African"
"287",287,29.0388938055731,66.8432064051153,19.6909817958117,"African"
"288",288,27.9043177294059,68.1180790844525,22.9001896881177,"European"
"289",289,28.256572901661,63.1215456767955,16.832709365278,"African"
"290",290,29.4450225999242,70.6349520536985,23.9639941227857,"European"
"291",291,25.4839335898863,55.9725335240007,19.3398622729373,"European"
"292",292,28.08918664204,61.0247129722904,19.0094377788879,"African"
"293",293,23.45187155697,58.8659971651642,15.4651644743341,"African"
"294",294,23.5292807408899,50.0885496085752,22.5300299062853,"European"
"295",295,30.8534198183272,71.0728719787809,21.4125031075188,"African"
"296",296,28.6118677277871,74.0646912062068,25.9734185857276,"European"
"297",297,28.8312077624676,72.5441320172091,17.9179130177358,"European"
"298",298,29.0634755366819,69.6992216611331,17.6764398495945,"African"
"299",299,26.39311679548,65.3337225595628,16.69216289227,"European"
"300",300,30.5775600276348,69.5460685155154,18.7979364857574,"European"
"301",301,26.9508888088811,59.7742779100861,24.5387341850054,"European"
"302",302,29.4970339028296,65.0723000339774,17.3282669536736,"European"
"303",303,30.2393307143478,66.7993754482614,22.8768176288941,"African"
"304",304,25.962489371799,61.6461585084631,20.8202258501166,"African"
"305",305,26.4276786080943,60.8811841303234,24.0558176087443,"African"
"306",306,29.0423424666931,68.1401578673921,20.4274290999473,"European"
"307",307,28.1543544106133,67.0512585374234,18.5543706299142,"European"
"308",308,25.3518387125567,52.0212160804355,23.8931089569018,"European"
"309",309,26.0275266644365,61.9524928897855,20.1239217206683,"African"
"310",310,24.3514102886711,57.7309937201963,30.5930889725259,"African"
"311",311,32.6546477759631,84.4571899825429,18.5247705813144,"African"
"312",312,28.6757627176038,68.4283145846903,24.0926968938858,"African"
"313",313,30.7226434868117,74.0341394578595,20.0716048169829,"European"
"314",314,26.2979956418169,60.7586019797814,25.2772672676536,"African"
"315",315,32.7657794612557,78.7863841009842,18.0288126489157,"European"
"316",316,26.3149402130824,59.5790792906367,15.3036711279147,"African"
"317",317,26.1730355559195,53.5292761919885,22.6193971832673,"European"
"318",318,27.6420494054857,61.3132396516459,24.0367689587411,"African"
"319",319,28.397011290815,62.7455679839075,21.6196328934109,"African"
"320",320,28.0639437493768,70.4753813906654,22.3558358573737,"European"
"321",321,30.4466984242433,75.6497785067218,17.5358394135496,"European"
"322",322,26.1430322856886,47.5631617464401,17.971899392207,"European"
"323",323,29.1916123273295,69.8298138618698,17.3020080755173,"European"
"324",324,29.5939450074287,67.51680443008,21.8337629370763,"African"
"325",325,27.1590629260692,64.1813953352871,22.1458198705732,"African"
"326",326,32.05874901641,80.2913985399661,14.8841431493043,"European"
"327",327,23.6383748874599,51.1992409874719,19.2250708342842,"European"
"328",328,31.9400170572378,75.138213916292,18.9988506342526,"European"
"329",329,29.3287018304487,68.4896286946911,24.6263089345897,"African"
"330",330,32.0633358336699,77.5871544644955,17.571590961192,"African"
"331",331,33.3696586976325,87.3606161265461,23.1394873227499,"African"
"332",332,28.6767695532331,63.3669934742742,19.1136036071324,"African"
"333",333,29.9986476228058,71.4924956880806,21.4215166368701,"African"
"334",334,29.9202357738889,74.6333274959846,18.7802758129914,"African"
"335",335,27.1155756874345,61.524108502579,15.6709447365073,"African"
"336",336,25.2985829120326,55.5156947149383,20.1856059619352,"African"
"337",337,26.3970276579009,60.0381742989739,24.6239444234357,"European"
"338",338,34.5143579067187,85.6597349189466,23.3324050334393,"African"
"339",339,27.4231468989767,60.8483425501312,21.2045562531663,"African"
"340",340,30.6984125135105,76.5377679620995,22.6660072770326,"European"
"341",341,29.2414627083007,64.8415288661947,22.4920777515303,"African"
"342",342,26.1366533833051,62.0373409701729,18.3366181877338,"European"
"343",343,28.0759061127913,62.007070708741,23.733603863497,"African"
"344",344,25.033179359424,51.1307726684607,17.9487042101949,"African"
"345",345,30.7826160094791,76.9083540620605,29.1081920450432,"African"
"346",346,28.3922300325126,73.7291325591372,20.0452454573597,"European"
"347",347,24.468545591473,52.9665811229234,24.3001096186214,"European"
"348",348,30.7439462160801,81.676241341084,20.8757611765421,"African"
"349",349,30.7163707754138,76.9233257293508,26.4474486164221,"European"
"350",350,24.1207534260422,50.4843311917963,20.7656424005803,"European"
"351",351,39.423115607738,108.515776997472,20.0007511153117,"European"
"352",352,26.4803844335343,61.1324130461831,24.4401497432826,"European"
"353",353,23.8330844676225,51.270393621668,23.2153209286324,"African"
"354",354,29.0671375325219,67.4575877551896,16.2551577666178,"European"
"355",355,18.565899090041,22.4228934433969,23.3253653440673,"European"
"356",356,33.3414116965665,91.7040631004311,13.6365807996821,"European"
"357",357,28.2208903161547,64.6142999855185,24.389912298684,"African"
"358",358,28.5879061258546,67.6867169716851,17.6947800287207,"African"
"359",359,26.1149060213374,53.7513306835528,22.1657976953488,"African"
"360",360,23.636374768684,51.4062826562673,20.7521183533142,"European"
"361",361,30.7223636291432,76.3142180825668,18.0309453066542,"African"
"362",362,27.2692251269313,65.3421919175829,16.2180505214096,"European"
"363",363,27.4949990407692,60.9063247095938,22.458767391273,"European"
"364",364,29.182547440086,64.862525000108,20.8666787403066,"African"
"365",365,30.3906085646944,72.7126528860889,19.7391585712546,"European"
"366",366,20.511979061507,41.2644872086708,18.6011355347819,"European"
"367",367,31.0803951991558,81.6414028398362,21.626035138067,"African"
"368",368,27.954922306978,64.199367535839,25.2050843379237,"European"
"369",369,28.8969126927185,68.651910675607,23.9945085042354,"African"
"370",370,26.9889929535043,62.2814493973629,23.7832974139183,"European"
"371",371,31.0180777388653,76.6124103932962,16.0607063410051,"European"
"372",372,28.9089688766168,69.6233525514203,20.0245300198769,"European"
"373",373,30.384127082443,71.6605985082366,22.8282297070547,"African"
"374",374,24.2413570089844,50.4621676699667,24.2793577301577,"European"
"375",375,25.4902643518464,56.2989245412353,23.6499186593476,"European"
"376",376,32.0894676436545,70.984136021206,15.4390559983832,"African"
"377",377,26.2694704709732,63.5812859151625,20.2875548844221,"European"
"378",378,34.5392304868403,87.1822531597998,25.1722479654242,"African"
"379",379,31.5975057065198,81.2251342229803,20.8715090597849,"African"
"380",380,29.019438031611,70.3331658292367,23.4495827387354,"African"
"381",381,25.7458001957823,63.8727407521971,22.5435170490621,"African"
"382",382,26.4461070555611,55.5187397188547,18.664259025639,"European"
"383",383,31.7742140482202,80.6403869387754,20.9015603130591,"African"
"384",384,26.2503533257863,60.0734050311903,23.2766678615105,"African"
"385",385,25.2215955239075,56.1345802459795,25.2125477199435,"African"
"386",386,22.8705909761697,45.5137338694143,20.7703725076454,"European"
"387",387,32.2555732848957,83.2688147799101,25.439674834621,"African"
"388",388,33.4650553586662,76.5854826769152,16.2380711843937,"African"
"389",389,32.9028708558128,82.2776559525612,25.7154331825211,"European"
"390",390,27.6740698122515,62.6487076348648,23.8212073775748,"African"
"391",391,28.2342044903823,63.6119232373167,19.6867006648365,"African"
"392",392,26.7901142319605,59.1198235359707,25.8938663197411,"European"
"393",393,30.5138092765934,69.918001780671,23.2192963873241,"African"
"394",394,25.8257404767045,55.7020115439553,21.8938717592037,"African"
"395",395,27.8744335277072,68.4229478818645,18.8450667594296,"African"
"396",396,31.0074146140358,76.3243810031426,29.4248762582709,"African"
"397",397,27.7746531943846,62.6411242454608,19.1839532037626,"African"
"398",398,19.0623945204028,33.1425822000068,14.8913811501981,"European"
"399",399,27.3896924814906,62.7425334965834,21.1721528062044,"African"
"400",400,27.1167761244071,57.1266114186841,21.0111911014091,"African"
"401",401,25.7180254495329,51.8762241449485,21.138638981188,"European"
"402",402,27.4965957465251,63.5989520894274,23.1976664576812,"African"
"403",403,25.4172937832974,52.5835784285726,22.1079194836447,"European"
"404",404,26.9361601068897,67.1577461367726,20.3602851598263,"European"
"405",405,29.5856580210907,70.988783755914,21.5509299024216,"African"
"406",406,31.6011092294783,80.2298389949576,20.3689517189243,"African"
"407",407,23.3898130079635,51.3051975739471,21.0665370986603,"African"
"408",408,25.4721240486657,57.7657242496589,23.9879884121097,"European"
"409",409,30.1875103541453,68.2008994978483,18.9669999528356,"African"
"410",410,22.4899822466983,47.1782706933268,19.142752736393,"African"
"411",411,31.5529951727948,76.3273532495052,20.9761768918158,"African"
"412",412,29.1472613418131,75.3247741604772,21.3131749565219,"African"
"413",413,30.5502548224063,77.7472238119384,22.0811476618679,"European"
"414",414,27.9533082107059,60.6164050106767,20.39291060483,"European"
"415",415,33.330361852593,89.342666826557,25.8012963681074,"African"
"416",416,27.1613824575862,55.8700001356274,25.9415190450935,"European"
"417",417,24.2246656729662,46.1136656846074,24.0076437548373,"European"
"418",418,30.363683494323,81.6203560244876,20.1173020263885,"European"
"419",419,32.1998077838262,77.859995503747,24.6418600382155,"African"
"420",420,25.4953130611245,54.944130100135,18.3435871416291,"European"
"421",421,27.356113980708,65.1640307409441,18.7161393036513,"European"
"422",422,24.8433888306598,56.0911311648264,26.1081951329413,"African"
"423",423,25.1185654789932,59.3171573574479,27.6071740017938,"African"
"424",424,31.1523429802432,76.7291110445218,20.2027898471145,"African"
"425",425,22.9687570209234,44.5580524085074,21.7992524656329,"African"
"426",426,24.8949874121285,56.3131624285489,23.5795545042223,"European"
"427",427,22.8448295867867,42.4611891287766,14.6488475158914,"European"
"428",428,27.5335208491787,60.9005423310975,21.2225163586312,"African"
"429",429,30.4063135579535,73.8818212703237,25.4304329694825,"African"
"430",430,31.0948479416323,73.3340915712371,21.8071092237943,"European"
"431",431,33.2959304989322,85.8904244467203,24.0041469305906,"African"
"432",432,25.3940059354719,54.1938686127638,16.7599596511992,"African"
"433",433,27.7792055664696,60.2524330850708,17.9771101196817,"European"
"434",434,26.1566219075759,57.871642380292,19.1890169110777,"African"
"435",435,28.6159109371027,65.8080623590795,21.4403199635124,"African"
"436",436,24.5515667065862,54.7906566318764,17.8179659577806,"European"
"437",437,29.3706168624194,71.5619361690851,26.4200443303606,"European"
"438",438,30.2187339169954,73.7836460292585,28.0909313466417,"European"
"439",439,31.411749536004,74.936386310241,18.8849613407812,"African"
"440",440,22.8976250973045,41.8726902219229,23.0256790927925,"African"
"441",441,28.823706620957,62.3306778583441,24.2405745078029,"European"
"442",442,26.7201146795035,61.3671720175073,21.1641284492673,"European"
"443",443,33.2071562718201,84.4375755114774,22.3227867987872,"African"
"444",444,24.1061333879544,55.3270491341655,21.2363234654112,"African"
"445",445,27.783583565436,61.1250773530306,20.6561432786676,"African"
"446",446,31.1095589487571,74.5685295632429,22.6012395070295,"African"
"447",447,27.5916962286987,59.7476253735729,19.9069093800371,"European"
"448",448,30.6185937976382,72.9549708929665,20.3412905278953,"African"
"449",449,28.7060492583187,68.1171463979274,24.7738794058616,"European"
"450",450,23.2488241928522,50.3415729582846,15.0407476091646,"European"
"451",451,24.1424748055519,49.7980082680151,25.1338652449901,"African"
"452",452,27.4078538634077,56.5399765859318,20.0661508167537,"European"
"453",453,22.7850166996725,49.569261172238,22.6293374466908,"African"
"454",454,27.1638736748424,54.4464840796763,17.3557597760524,"European"
"455",455,29.4504677909052,68.7795904514992,23.4036602328225,"African"
"456",456,30.3584832472477,74.3629494326163,19.4191160038266,"European"
"457",457,30.2042192620133,64.3329538917158,23.3744061294683,"European"
"458",458,25.5863830478312,65.3116345749073,16.7014542660197,"African"
"459",459,25.9461153141669,59.3328539832134,19.9469815819732,"African"
"460",460,27.2141664923173,68.3365128373093,20.9380964689092,"African"
"461",461,27.9476331547342,62.1887715497832,18.4450336899176,"European"
"462",462,22.5976365905373,48.8200715408787,17.2475153667734,"African"
"463",463,26.2081096351543,56.5278012976328,18.5125861806276,"African"
"464",464,24.3580107018701,53.9385409854931,16.6378447863433,"African"
"465",465,23.1682541773989,49.0360621380623,23.3361526025995,"African"
"466",466,26.1517443660104,46.1205132369178,18.9786819579814,"African"
"467",467,25.7448878168509,59.6312010624003,17.0677514775201,"African"
"468",468,26.4949538944938,73.3635374508968,21.5463499196967,"European"
"469",469,31.8562778676799,75.5210373920691,20.1706119451874,"European"
"470",470,29.0308460304236,69.7018120056779,21.5175760591048,"European"
"471",471,29.6900817079357,74.0780515271675,21.7735454114842,"African"
"472",472,29.0954711755368,74.8050144759224,17.9323432421971,"African"
"473",473,28.4338028100335,68.8578297125033,26.5745993928029,"African"
"474",474,32.5358658089237,83.212676334433,19.9052259634476,"European"
"475",475,30.7365521419568,72.3678220979773,19.3276182257204,"African"
"476",476,28.7091982768178,64.6224951686628,15.5377000438811,"European"
"477",477,30.6672116335131,74.5722489639387,21.9291736126774,"European"
"478",478,30.4220713777007,78.9633066620024,17.9560738785628,"European"
"479",479,31.7498584988195,81.3058007880024,17.8508858641819,"African"
"480",480,31.15211219757,78.2489668790239,19.6366208284251,"European"
"481",481,26.5045215193563,60.0574487145562,20.4742251618692,"European"
"482",482,37.8644689245587,102.711378898471,19.8527414284858,"African"
"483",483,27.89476323166,70.4124950169189,20.511013036979,"African"
"484",484,25.6014241257367,54.1153828272345,13.8713959398378,"African"
"485",485,31.2925255652729,78.5686457097021,20.5695128418157,"African"
"486",486,24.0877420404474,56.2316253214944,19.0565204649778,"European"
"487",487,28.4982148553102,70.7466860692058,20.1730058723412,"African"
"488",488,26.33519787409,58.6985491599025,17.1527538617534,"European"
"489",489,25.7958644022686,56.6855060066422,22.0561170400441,"African"
"490",490,26.1506243354889,60.1608931391167,16.370165254811,"African"
"491",491,24.9554422553706,54.2132463790287,20.8932775362601,"African"
"492",492,31.4023235313963,78.3653763255525,23.9613080059617,"European"
"493",493,26.9326897522594,58.1322786253175,19.0301021698029,"African"
"494",494,26.6423504377312,62.983236457311,20.4921667037538,"European"
"495",495,28.3396667022583,63.6580639152508,25.1306601839272,"African"
"496",496,30.903284773037,75.0351753913328,20.626990080764,"African"
"497",497,30.6221661186786,74.9003156378847,22.7036818414091,"African"
"498",498,27.7571291312197,58.2517133437189,23.7939221724946,"African"
"499",499,20.1580450131012,35.5832864855725,21.0526112347885,"African"
"500",500,25.7893522297912,56.8036022869734,25.160483969033,"European"
"501",501,29.5848015179636,73.7778404865011,23.8560942190941,"European"
"502",502,25.2210947188728,49.4775668780835,18.1729987178028,"European"
"503",503,26.4874017183333,61.4824017655459,18.6237267823904,"European"
"504",504,28.719523612497,62.9469076171587,19.2013386268591,"European"
"505",505,32.9360808219273,79.3804272471022,19.9586059959909,"European"
"506",506,28.7337070108478,73.0769024722504,22.5834280675115,"African"
"507",507,23.7269535838521,56.5483850218856,25.3514170383274,"European"
"508",508,30.9562128149281,70.9512261999957,18.6119765512526,"European"
"509",509,31.9198546470818,81.8481268478259,22.8904698248158,"African"
"510",510,30.5496527028091,76.6203325580338,24.1034285745705,"European"
"511",511,31.3198599891192,77.603904498064,20.8852316534785,"European"
"512",512,28.8209512703664,65.0071448823447,18.6209091624817,"European"
"513",513,27.5899278204162,58.2738777379377,19.9398179267414,"European"
"514",514,22.5504075804526,41.5183495153843,23.0045925873289,"African"
"515",515,33.5047944886232,84.8066747596155,20.3649608655884,"European"
"516",516,27.4867840746163,59.86070519048,21.8957078215943,"African"
"517",517,29.3410336987141,68.6662202258409,21.7862952609779,"European"
"518",518,33.0924480800406,77.9433030684724,24.4825478369038,"African"
"519",519,24.3583998867835,51.3451814292325,23.3430363980081,"European"
"520",520,30.8128008472693,67.3725780227821,24.5226941000662,"African"
"521",521,31.5943796059946,76.4731532814697,20.4131697371169,"European"
"522",522,24.3389100113133,52.5701688918988,25.792836945743,"African"
"523",523,26.1497058224333,52.0897664471026,26.0927552973688,"African"
"524",524,22.8956107554354,49.5119696782848,24.8898090374861,"African"
"525",525,32.2407787970209,74.7562169527,18.2590450470979,"European"
"526",526,31.5066683146349,79.943966721318,19.292978891897,"European"
"527",527,24.7230370155622,53.4071217347515,30.4106184788987,"African"
"528",528,28.3983604629495,67.7805186395178,17.0785408926478,"African"
"529",529,30.2274710279427,73.0477134522302,24.7756450722693,"European"
"530",530,27.483000170707,60.2132168577925,19.7923752092424,"African"
"531",531,29.2546120685817,71.1467317733746,16.1731524122918,"European"
"532",532,26.7783027549965,60.8534371455402,23.1744503315619,"European"
"533",533,23.4229865735506,51.8363823940895,19.9857434510837,"African"
"534",534,22.0723685342686,45.163881880766,19.3958325667403,"European"
"535",535,25.4800031670676,56.4080160077462,23.9434605262125,"African"
"536",536,31.255111114291,74.4250798149424,20.9540430289179,"European"
"537",537,26.2654787783678,59.3160979680755,21.3833880485851,"European"
"538",538,26.0979489544892,55.4742169543249,19.6344633530879,"European"
"539",539,31.0650924511042,71.1802213627515,22.1488253438862,"African"
"540",540,28.3635584930314,64.3956028159256,17.2984557680868,"European"
"541",541,27.8050526867565,62.7710860987046,20.6688679245757,"European"
"542",542,34.5053169017322,83.9562032421097,20.0520357206493,"European"
"543",543,29.3117324900268,76.7751883411873,17.3211968926977,"African"
"544",544,25.4912799949324,55.8929458204872,23.061901114479,"European"
"545",545,24.346350075236,46.5692778416877,21.4129501579206,"African"
"546",546,31.2250400438463,73.4830170940395,18.8070031404804,"European"
"547",547,29.5540588478341,63.5522168688397,16.1708198404645,"African"
"548",548,31.2361428987868,83.9320996075742,21.5959186282166,"European"
"549",549,27.8712966768675,62.5696136348573,21.6578255013473,"European"
"550",550,30.7582614875416,72.5395945293677,19.6220580249917,"European"
"551",551,26.3306937250826,63.6242654582369,18.546343116155,"African"
"552",552,26.1320106028267,66.9514272363827,21.6912173603423,"African"
"553",553,22.0733910842623,43.1859304497189,20.971880019591,"African"
"554",554,29.6259469098208,61.3293594464545,23.7849434488209,"European"
"555",555,27.4562621741732,63.5171870692949,23.1311092103529,"European"
"556",556,24.1776130767085,52.0766390136114,23.4586057519831,"European"
"557",557,29.2752469617395,69.7562090037319,18.6091381426513,"African"
"558",558,34.0864388457904,85.4837254346771,25.5093414345819,"African"
"559",559,25.4168562741771,54.1002612876022,15.6073833267704,"African"
"560",560,23.817508945853,51.2793213880703,16.654527502987,"African"
"561",561,31.2368601438095,79.4342559954083,16.5731733865433,"European"
"562",562,27.6318128417193,59.9734246275347,19.1078551464635,"African"
"563",563,32.754013632489,78.0150720292571,17.1950437533328,"European"
"564",564,31.7454973000403,74.9724607626863,22.3071163651355,"African"
"565",565,28.6229488254845,63.903492026384,19.2106212680158,"African"
"566",566,25.8090135153293,54.6516799772667,17.3245041680285,"European"
"567",567,26.9030395254657,63.8241503219357,23.5092834525888,"European"
"568",568,25.6347323228909,57.6430891582889,26.5519840880571,"African"
"569",569,29.566962857387,72.8577154580558,19.9456845407846,"African"
"570",570,30.7017738650409,68.4715083159236,19.0686547847281,"African"
"571",571,28.7252677762241,69.0772113990415,20.5859381832901,"European"
"572",572,25.8874213329028,60.3812049182003,18.8311687066474,"African"
"573",573,23.7945522409201,54.4095692609252,17.215492160658,"European"
"574",574,27.7443213069283,64.3924052189452,28.8514751582948,"African"
"575",575,24.8672113337824,49.9523094712368,21.2063599817771,"African"
"576",576,28.3368539584735,62.5971966442099,23.1116141688667,"African"
"577",577,34.216874273118,89.6432089070285,20.5211060214404,"European"
"578",578,27.4424116939683,61.4968843689722,18.9735330346509,"African"
"579",579,25.578692539781,58.6281247211368,19.7417716144302,"European"
"580",580,30.3912760246001,78.3101219867852,16.9460227298159,"European"
"581",581,25.498320110279,62.7477903257579,23.4875021388518,"European"
"582",582,27.689233059572,65.1534774669325,16.5183058969457,"African"
"583",583,27.5968328055494,60.8972001878415,23.2405134828022,"European"
"584",584,23.8803918940635,50.4449039970019,25.7831340992723,"European"
"585",585,30.3220864864815,70.0791140704098,15.75965321679,"European"
"586",586,29.8664287671085,75.4158146966627,22.9777528170818,"African"
"587",587,28.3683143377513,64.2904558007902,28.5873709195302,"African"
"588",588,24.3316165136934,43.0936121276158,21.5997572831248,"African"
"589",589,36.4600459261674,85.3052149403317,20.2468888718404,"African"
"590",590,27.7608217437456,64.9241337920281,21.437039625351,"African"
"591",591,26.7073854071576,62.8171071820588,19.192486912449,"African"
"592",592,30.6973376967053,73.0238402168356,24.7255367631597,"European"
"593",593,32.8610310709793,86.4762662468857,20.5537385579267,"African"
"594",594,26.2035381966576,57.7106535795158,21.2701620716119,"African"
"595",595,29.1948352300257,66.3876930760646,15.3660497034623,"European"
"596",596,25.5221256750324,56.3628007484593,17.8438132028854,"European"
"597",597,26.8636149740461,72.3173460733781,25.2863170986426,"European"
"598",598,29.0127214325519,66.1231911236432,24.670820472728,"African"
"599",599,22.9075198280633,46.1780854710519,17.2976682891228,"African"
"600",600,24.9338568628073,54.304091202273,23.8533306273058,"African"
"601",601,31.9969467191094,77.3336188379722,20.0082174179186,"European"
"602",602,31.1251487924443,79.5384741978576,21.8541636068808,"European"
"603",603,29.2483768074565,64.0334492834372,21.5489873979946,"European"
"604",604,32.9444228845634,81.4170152792536,17.0009414746008,"European"
"605",605,35.0878631752154,86.4338060788197,19.891495320198,"African"
"606",606,23.9073799197748,49.074400843807,20.7798283321331,"African"
"607",607,23.6172281022597,45.7867260362236,15.1315216663879,"European"
"608",608,28.3325285025517,64.2442311271181,25.1543070130019,"African"
"609",609,23.8048518738211,49.3640355383562,18.0073368310015,"European"
"610",610,23.5620041190011,43.5190414857846,20.9950911249244,"European"
"611",611,27.5078399418713,56.7774463805038,13.5976038584763,"European"
"612",612,35.0652422240358,92.576480147208,13.6853501863423,"African"
"613",613,18.0933606229186,26.6460102960718,19.0721288283634,"African"
"614",614,31.9506234516538,87.7603213888918,19.8105411235034,"European"
"615",615,31.6723442260831,74.3293001892983,23.9202388395006,"African"
"616",616,22.0740166599058,50.1000508291177,18.1019359075832,"African"
"617",617,28.1785517544502,64.7404321119297,24.435493556578,"European"
"618",618,24.4419807726527,50.517024108492,17.2044712804311,"African"
"619",619,21.5446144439456,41.8697278574781,18.6722505837437,"European"
"620",620,25.282620599581,54.9416011566501,18.5499571322815,"African"
"621",621,24.9843587719208,46.5040152793894,20.6361513237953,"European"
"622",622,26.8871406760622,60.6132639422076,21.8478958970146,"European"
"623",623,29.4686011905029,69.3955882532674,20.797708434131,"European"
"624",624,19.1445048645176,35.3777299109853,19.7723674697619,"African"
"625",625,28.3081992509536,65.0725605166751,18.3509066707124,"African"
"626",626,26.0738246947394,61.3930016290726,21.550575694712,"European"
"627",627,26.2409949060943,60.0760714424169,23.0450402406192,"European"
"628",628,26.6035738531846,57.4152615891626,18.5802212795083,"African"
"629",629,31.9224588004844,68.1098766608854,22.4939738473874,"European"
"630",630,26.8540305348876,56.2474293604999,26.1443447071663,"African"
"631",631,25.5919776752491,61.297603824854,14.7697489247128,"European"
"632",632,26.7367773604716,63.8467030424738,17.0995783895159,"African"
"633",633,27.5001986988443,61.6379469416201,22.3374436668216,"African"
"634",634,28.9055422418271,66.2683591781745,17.8075587450308,"European"
"635",635,27.1036335895679,59.9835779161969,19.3774337297348,"European"
"636",636,26.4925055287669,57.3710705866253,23.307061801131,"European"
"637",637,25.7925797036535,63.4404861193378,17.6882375431195,"European"
"638",638,28.809014109432,71.4032402149863,20.1942121150131,"African"
"639",639,24.1297508984089,44.6338063305863,19.5640617105982,"European"
"640",640,26.2023462212611,58.0609562341414,15.9774196160818,"European"
"641",641,25.490196836575,60.4496418667237,24.8517930398114,"African"
"642",642,24.8480808072031,56.9924856721854,14.6278267082611,"African"
"643",643,34.6298763745735,81.3192881983839,20.888148853132,"European"
"644",644,25.7195336935051,53.7548839749716,22.0129221939966,"African"
"645",645,24.2591640894434,53.9400218199198,22.1673039273856,"African"
"646",646,32.6397913704827,81.5439087077595,19.9038679555842,"African"
"647",647,27.8428712532461,60.7119404416874,18.6248099722918,"African"
"648",648,31.0568104216868,72.4694302238915,18.5736225801346,"African"
"649",649,28.5420738106557,64.9970324586649,16.8929583927251,"African"
"650",650,26.9504790637924,57.4258049885205,23.5088427436342,"European"
"651",651,23.9142726199007,44.517297604208,16.9342949280383,"African"
"652",652,28.0268112866972,64.6202093107547,18.8906990365387,"African"
"653",653,26.8222536654887,56.6929921290148,20.5942857237085,"European"
"654",654,30.6776994464688,73.1516979994636,20.9262155959719,"European"
"655",655,27.6044864933718,62.0208569489921,17.8797788888125,"European"
"656",656,28.4237092868882,59.3536644511307,22.4556457046884,"African"
"657",657,20.3308044691518,43.7686736890586,21.8249246463081,"African"
"658",658,26.9974400218291,62.0294634374214,19.3253151483473,"European"
"659",659,26.7437856745038,58.9097158326227,21.2536605513353,"European"
"660",660,31.0799817300137,74.1417255255602,13.8474279042298,"European"
"661",661,25.5794770295703,60.5285459693484,21.4687885073151,"European"
"662",662,26.1835438319671,63.808329092627,23.3935410666909,"African"
"663",663,25.0520629604358,52.800645601967,18.177270635843,"European"
"664",664,28.5809023615949,64.7097184336613,14.0487896696065,"European"
"665",665,22.7340439821431,43.9993393180089,18.3840794407579,"African"
"666",666,24.9264841894096,58.861391294346,25.6297159528679,"African"
"667",667,27.3813837515696,61.006023868027,21.7141112013791,"African"
"668",668,24.2309682405483,49.1335101667761,21.4981562697349,"African"
"669",669,28.8291972737949,66.9340505452118,18.8588031643933,"African"
"670",670,22.5232096059451,46.7244473097628,23.1646683182402,"European"
"671",671,27.3147994390211,66.9567683803463,19.7096166971362,"European"
"672",672,24.9955111805962,51.1233161905896,25.8432868202717,"European"
"673",673,30.3626218398429,73.198564660049,23.5853655698125,"European"
"674",674,26.7518965861472,60.5352036097667,21.2107896766486,"European"
"675",675,21.1109188009853,38.8027970702069,20.6459145353342,"African"
"676",676,26.0898945676836,54.4195267263911,20.6144819695843,"African"
"677",677,21.8710913443765,48.6160846168809,25.0073071945504,"European"
"678",678,29.082875031038,64.4824229359778,19.8903085564497,"African"
"679",679,26.7015047138,54.4953481262884,20.3197514701217,"African"
"680",680,27.9123395647484,53.9966393288324,20.6971471612433,"African"
"681",681,30.5402756997554,70.5988099367215,19.2165815418965,"European"
"682",682,28.8231858754835,68.0247588292664,22.4218254698252,"African"
"683",683,26.7144599407015,66.3820063812027,16.7885532444394,"European"
"684",684,27.2504911015247,65.0318020634832,23.2686144552408,"African"
"685",685,29.9379067118121,74.8863308713921,20.2360899758234,"European"
"686",686,22.4502643139088,43.1989570357664,20.8756685092813,"European"
"687",687,27.7549427075553,66.3583227957326,21.7060240370819,"European"
"688",688,24.7037809107376,46.2622151368169,15.0904249079822,"African"
"689",689,30.981144854638,76.1183298321666,23.9176903028531,"African"
"690",690,33.8842628331462,90.0833576588951,15.4911326048418,"European"
"691",691,29.4379823307671,68.5032741440646,23.4881199486623,"African"
"692",692,30.0314339468271,78.2914860786366,16.9596299677317,"African"
"693",693,28.4763326164883,62.7743940693241,16.4812407638575,"African"
"694",694,30.6265722632438,69.2336064110104,20.7405149285199,"European"
"695",695,26.2101919967352,59.2116003488703,15.9347947036797,"African"
"696",696,31.7921837486131,78.3885249860339,18.4920122068039,"European"
"697",697,34.3943858496385,90.1657160124655,27.6662630012505,"African"
"698",698,24.5278508874233,50.9070972303368,22.0139684120717,"African"
"699",699,30.9651271830506,68.7806133948729,14.1616198233341,"European"
"700",700,23.7996128135796,55.2476605342065,17.7870449613695,"European"
"701",701,26.8393885232314,66.0420842909967,18.1410465148346,"African"
"702",702,33.4889483802768,83.7331875341358,19.8156605265043,"European"
"703",703,26.3471295890159,63.8589022146879,17.2597627268243,"European"
"704",704,28.6077975340225,61.3226793152118,17.6683256239171,"African"
"705",705,33.5528188943605,83.2430958972337,23.1359621894351,"European"
"706",706,27.7596905553097,60.3404737980906,20.598819220331,"European"
"707",707,30.1048083329378,81.815882868354,23.3330411329003,"European"
"708",708,25.1944707407411,50.061190526965,21.0185920231347,"African"
"709",709,26.5119720706498,67.573780852718,19.0496520431023,"European"
"710",710,32.4849427398918,80.105381204108,20.5802093052094,"European"
"711",711,27.1117246085939,58.7828069107168,22.7931732629769,"European"
"712",712,28.2667926837409,63.3509709383326,22.6640125177728,"European"
"713",713,24.7092841960085,55.8123201299011,21.2280186531895,"European"
"714",714,26.6170024152529,64.7238902159023,16.6997313805457,"African"
"715",715,30.0174221740291,77.0570492783259,27.7477087320597,"European"
"716",716,32.1231117703494,80.0871740444205,22.6717601428525,"European"
"717",717,22.0668246195374,43.0300616686134,19.5047517822035,"African"
"718",718,29.098063191668,68.3331183696347,21.9445896382481,"African"
"719",719,24.5538534593416,56.6863183054258,22.1764405249076,"European"
"720",720,30.2318476560079,72.5816246631005,13.9260282290095,"European"
"721",721,22.5121516654955,42.339266446688,25.2118588689026,"African"
"722",722,36.9408987632122,106.715403504897,18.4667724578061,"African"
"723",723,28.8459260617713,69.0215257846211,22.8794164658898,"African"
"724",724,24.8626650811957,51.451245450826,21.7718119243774,"African"
"725",725,26.2135524690721,59.2503289586095,20.6274824631986,"European"
"726",726,34.6063899438049,88.3330337607086,16.4899336983963,"European"
"727",727,29.7418829836773,70.4838372272389,19.2390979704825,"European"
"728",728,27.4983872113974,59.2835146194524,25.6847061540697,"African"
"729",729,28.6859708946688,73.6027478848359,20.8353371910902,"African"
"730",730,26.1544071230289,56.751110594626,23.305866359931,"African"
"731",731,26.7870716595977,61.406755985899,20.4580281395478,"European"
"732",732,34.608696489279,88.2260760780235,14.9236568242338,"African"
"733",733,34.722159104624,92.5938407041537,18.1063245896139,"European"
"734",734,30.3136836767515,74.1742101898048,20.1046846635633,"European"
"735",735,23.8638819048501,51.4654967392139,15.8439436044696,"European"
"736",736,20.4457493649537,38.6979030659803,22.2951991819321,"European"
"737",737,31.4270361132267,70.2348693982378,18.4506947894864,"European"
"738",738,26.580472126283,57.522412190201,20.4986822188547,"African"
"739",739,25.0106601465754,53.7606387663864,22.9597265880598,"European"
"740",740,23.3984137215638,54.9865554032116,19.1948407903992,"European"
"741",741,23.4980492368397,49.9363483649406,22.0696897418309,"European"
"742",742,34.7219361480908,86.9801985013169,17.5418604286781,"European"
"743",743,27.8804981326986,68.2113082876939,19.7100270713564,"African"
"744",744,30.1474930521138,63.9764425618,21.0045675300601,"European"
"745",745,39.0256419418086,107.667655042763,23.9937761300582,"European"
"746",746,27.002452252785,60.3360894541677,16.1228411927488,"European"
"747",747,24.1725801988021,47.7070983603217,15.9486597320707,"European"
"748",748,29.8807981682969,73.4150269613413,19.5376059003766,"European"
"749",749,26.0521684811452,59.4947175117933,23.1026691032794,"European"
"750",750,29.6316982149202,70.8857178411009,15.5374181080883,"African"
"751",751,25.5134634850166,56.3103417652656,19.3086513704379,"European"
"752",752,29.8433534692672,77.1249399150882,19.3226912226709,"African"
"753",753,28.4169945498598,61.4996256304455,21.6979434561776,"European"
"754",754,28.569516873263,67.0856687128675,21.0018186635891,"African"
"755",755,26.76858767645,66.3508919203954,23.4239885244109,"European"
"756",756,26.4948003104343,62.2773072448207,15.6312170646543,"African"
"757",757,33.4106278801284,85.2666694360704,29.5442722129681,"European"
"758",758,31.1011551507416,74.7084120404138,28.3484685119254,"African"
"759",759,32.8084013183998,81.6298256054111,24.2526394826584,"African"
"760",760,26.9734523407213,55.2294822025544,18.0266226010251,"African"
"761",761,32.3492868419774,77.6325039719107,18.1710105450871,"European"
"762",762,26.9568303335953,59.9049703324944,21.2209793822247,"African"
"763",763,36.1582960531381,95.9515659367042,21.050091983204,"African"
"764",764,29.8636808541716,74.3346581292881,15.0765681251461,"European"
"765",765,25.1719526013034,52.287515673122,19.0605387154626,"European"
"766",766,27.0344280320305,60.7538507112018,21.8184498523986,"African"
"767",767,23.1610637504799,48.8997481697043,20.3566530649034,"European"
"768",768,28.4555510000163,68.0747731740664,19.7624566821662,"African"
"769",769,28.2261886057311,61.2607300017201,21.7036381386542,"African"
"770",770,23.3866007710407,52.1064975472397,22.9651474577939,"European"
"771",771,28.2211651435393,69.5944938608125,24.175041156424,"European"
"772",772,18.444031311248,28.0224639306447,23.5884378516439,"African"
"773",773,28.3455285023011,68.5738518339165,20.6383991712909,"African"
"774",774,31.3185878711239,77.4731774965155,15.6444586714993,"African"
"775",775,25.8985107385849,56.9848178066513,17.2101763952543,"African"
"776",776,29.6552769133919,67.4626155829856,20.2914749359328,"European"
"777",777,36.8078191678939,102.887724939217,20.8964982610836,"European"
"778",778,27.3110649980018,60.6936840378834,23.841327106687,"European"
"779",779,28.9314312632669,68.5551225608116,18.9497310890586,"European"
"780",780,25.9289539971804,55.9911498318645,23.5358073857261,"African"
"781",781,25.9744615118687,61.4476018741606,21.2653010492557,"African"
"782",782,31.9091009914598,73.5151930583377,20.7330070772377,"African"
"783",783,23.4143693450295,48.5619847329639,17.9890469084711,"European"
"784",784,27.7946780097004,66.0456298999241,19.197157945439,"European"
"785",785,25.927195978555,54.7943534774407,22.3382772922367,"African"
"786",786,27.0083234398816,68.0377176490021,21.3051618763554,"European"
"787",787,27.9196008677906,69.266433110204,21.3319331333249,"African"
"788",788,22.6693840358728,45.0322848498764,23.5361716611054,"European"
"789",789,26.137475909542,56.6157946908395,25.0503181145829,"African"
"790",790,29.8356443450458,73.6515216826905,23.5826726168905,"African"
"791",791,23.3020336994261,44.0307227332798,17.7399324216495,"European"
"792",792,29.5525673644294,65.1425764663166,26.1313727171247,"European"
"793",793,35.3724404181442,94.5778744046889,18.7978103703438,"European"
"794",794,24.9796858421659,58.3469929184265,24.1520218847971,"European"
"795",795,32.0930022121509,79.6090871060744,22.0555333118342,"African"
"796",796,29.5541973649959,72.3491306011115,19.2400969550189,"African"
"797",797,26.8794054082802,66.3812447513155,21.8620744118791,"African"
"798",798,24.132199869376,48.9030544179741,26.5168086851074,"European"
"799",799,25.9329109599506,61.4083249438431,24.555916098633,"African"
"800",800,31.3351394990933,75.2219004336093,19.1431559068734,"African"
"801",801,27.868293243607,62.6679747056049,27.4236417804139,"European"
"802",802,28.0429194355254,62.3791342038316,20.0296361003579,"African"
"803",803,28.6776266133125,62.4723235222019,22.2529265384439,"European"
"804",804,31.0744080458583,75.7658742134345,23.3414915828163,"African"
"805",805,25.9899855955664,61.4420511147779,22.2251508531911,"African"
"806",806,32.7938929479184,83.9173144699313,19.0070470123996,"African"
"807",807,29.7885901655581,74.7642422238641,15.4088944386059,"African"
"808",808,27.8158079979804,71.7188600259701,25.1345618937291,"African"
"809",809,27.6865019016207,69.0638146938603,19.03622608822,"African"
"810",810,28.8672348918489,69.3520492232428,23.2977927530277,"African"
"811",811,29.5375984020137,70.7555412157581,16.8476486675833,"European"
"812",812,31.8690161272607,74.7192303396977,23.5269146417421,"African"
"813",813,28.2072287383296,73.2923291535684,23.0808017563286,"European"
"814",814,30.9366688668528,73.0809143188033,20.7762543442436,"European"
"815",815,28.6660427226315,68.3395634264939,21.4952449367624,"European"
"816",816,28.8233528039131,65.0587358624333,23.0200027654224,"African"
"817",817,23.8608062814217,52.4445464221821,18.9908537833217,"European"
"818",818,27.4511215223379,54.9182716730474,21.9619814334708,"African"
"819",819,28.8170573969798,64.4706372338747,23.116172070248,"European"
"820",820,27.6170202170807,71.5344325094579,19.2326546244226,"European"
"821",821,30.6784781483805,73.4083833872262,13.338952830817,"African"
"822",822,25.2965099201535,55.8634301884757,21.7368274307843,"African"
"823",823,25.8028348715189,64.0075881967376,21.2138216230768,"African"
"824",824,29.322096497625,72.4464807548466,24.0829727031502,"European"
"825",825,27.0042253691325,56.8976127985847,16.0492005876056,"African"
"826",826,26.5971342096039,54.8725287485851,21.7336618772458,"European"
"827",827,25.7864370521046,65.111815006847,17.5211222428246,"African"
"828",828,27.2242673023551,61.3138909996344,22.6868886927914,"European"
"829",829,28.2761456670445,66.0168254657748,24.2732199136,"African"
"830",830,26.6196591740779,55.0550352813566,23.5513557680037,"African"
"831",831,29.2670142827558,70.8615236409015,25.2059934431836,"African"
"832",832,27.7227335936264,59.1366216901027,20.4783058631725,"African"
"833",833,23.4213110853812,48.9125281521948,20.2139955435348,"European"
"834",834,28.4463263354635,68.6382680177594,21.9462127573149,"European"
"835",835,33.1608251074578,88.9700627028513,16.5365805146207,"African"
"836",836,26.8272513011989,58.3131478690734,25.0838486791912,"African"
"837",837,27.5457657038616,64.0650361402607,20.2826425760272,"African"
"838",838,30.1302291397306,70.7356137294551,20.4184372300785,"African"
"839",839,29.0844958041231,65.7881440515015,16.5952601553639,"European"
"840",840,27.8146766780287,70.5351438188755,24.5788613769357,"European"
"841",841,30.7571713364383,74.5629856502059,27.1379618841074,"African"
"842",842,32.8188347580518,79.9224307697849,19.8956745765316,"European"
"843",843,25.5560399161827,56.0217526477032,21.7543344482799,"African"
"844",844,28.6117590271077,72.7207562693004,19.8632432479921,"European"
"845",845,28.1282422871897,73.5912550179358,17.4324843715066,"European"
"846",846,28.2349249529034,63.1355148539184,23.7370830766104,"African"
"847",847,27.4879748508354,68.2112957919798,15.5284535249188,"European"
"848",848,26.0710021364508,52.5592781470568,20.6146582407948,"African"
"849",849,26.0382747440714,56.769518921502,18.2247397022178,"African"
"850",850,27.6854916607669,61.3727728494335,19.6360327706006,"African"
"851",851,32.5553706352627,82.5700108848867,17.3988666310435,"European"
"852",852,28.4225422832435,62.8761489443049,17.6309981518068,"African"
"853",853,28.830707542411,70.6759441497188,26.1502222115598,"African"
"854",854,31.119796328822,68.6157390486528,18.7527360571985,"African"
"855",855,27.8057067823239,65.2383757089755,23.9140500714963,"African"
"856",856,28.5892522814168,63.300916815859,16.4301471587593,"European"
"857",857,28.9080507799461,66.7171888009177,16.8545569912631,"European"
"858",858,21.0982967229065,39.1101541578899,16.1867728620502,"African"
"859",859,24.1338444637517,50.5312021115729,21.5015447733778,"African"
"860",860,29.7561533398995,69.1956090152812,20.4438065606156,"African"
"861",861,31.5610137593278,75.2294582725812,20.522932441165,"European"
"862",862,29.1828237267188,66.995014526325,22.299457840931,"African"
"863",863,24.6622135126644,56.2061839488879,21.9717438413709,"African"
"864",864,28.3822368979504,63.2116976849302,15.1138698392933,"African"
"865",865,23.6240792513541,49.7329728150253,20.9269935934798,"European"
"866",866,25.3105233153903,58.3542398867856,21.1539130803203,"African"
"867",867,30.4462109341679,73.8518084384049,20.0936267110337,"European"
"868",868,27.3406327193956,62.7362801523409,20.270291602374,"African"
"869",869,32.2453102973772,79.500767899549,21.8909885515956,"African"
"870",870,29.168023419407,68.3687692049115,18.4668830548276,"African"
"871",871,30.370907922858,72.7515703892504,25.4065680460404,"European"
"872",872,30.1927134383675,71.0471439490888,21.5034659468257,"European"
"873",873,23.1456834402599,43.9772721884795,23.538840779337,"European"
"874",874,31.8460536134097,79.3707146376539,21.5326351499632,"African"
"875",875,25.8548695110294,54.4306247641946,22.0399593159621,"African"
"876",876,29.8137542730289,70.9496316683337,21.8017822666759,"African"
"877",877,28.1913448958487,59.5978294467028,21.3682990696276,"African"
"878",878,24.1420195601755,55.1940586573111,24.2432885773774,"African"
"879",879,25.6343300667555,52.3933492547322,22.6350734602496,"European"
"880",880,27.8129507393671,54.8678846445691,16.0641207298739,"European"
"881",881,29.6472138162798,65.7399378133785,20.8132310687155,"European"
"882",882,28.0346410274089,65.8899589682408,19.9830773058212,"African"
"883",883,32.8153646587784,77.5733794678332,18.9167651214226,"European"
"884",884,28.4080087884402,74.2387531647313,15.7945735033689,"African"
"885",885,28.2967393918195,71.679590241626,20.9632481590819,"European"
"886",886,29.8941788890653,65.8793523800155,19.0348374526071,"European"
"887",887,28.9888004181192,66.4742278603364,20.4947771796633,"African"
"888",888,28.7696400844886,67.6415879791043,25.1213010495987,"African"
"889",889,25.6431651750226,56.3249424372486,19.8781557391651,"African"
"890",890,26.2350150492673,55.6704359029826,20.8088056750651,"European"
"891",891,29.1589812095634,66.3942313269212,22.1127893404723,"African"
"892",892,27.4380913787746,54.906230612699,20.7442503208882,"African"
"893",893,27.3358958039653,56.8118886121198,19.3522331301866,"European"
"894",894,28.6251863317616,68.1747251345741,20.6845551291731,"European"
"895",895,21.6972232730732,38.2013358591257,23.6081282871384,"European"
"896",896,30.6882133714806,73.117579374434,18.108649465085,"European"
"897",897,29.2935511449847,72.3822537051266,17.8662586599629,"European"
"898",898,31.6973036300843,80.5200298430565,26.7841545866449,"European"
"899",899,31.622450756641,75.1154662668124,20.352444964128,"European"
"900",900,30.1351719947965,66.680307824571,19.5098215427935,"African"
"901",901,29.6873878531779,76.3145682103142,22.6391884781122,"European"
"902",902,33.7812776410102,77.9727699715025,28.7114871365946,"European"
"903",903,27.1345996858485,65.1899466472731,18.6380717088911,"African"
"904",904,25.2893066150268,47.4517946983175,20.2783428920001,"African"
"905",905,29.7736001872626,66.1334175941101,12.8913846410285,"African"
"906",906,23.5208912835809,47.6997326114402,23.6411127774162,"African"
"907",907,30.4469890925524,80.1005104381348,18.0797790810458,"European"
"908",908,19.6225396124895,31.2271285839915,19.0456716645802,"African"
"909",909,30.3502271844893,79.7570305192992,24.1766713554485,"European"
"910",910,30.2126579313963,71.1616986975626,23.2184262102383,"African"
"911",911,30.7099110221894,74.7736568939138,19.697140962587,"European"
"912",912,25.1851465573823,53.678864093505,20.4928184955024,"European"
"913",913,21.1928128462846,37.8580338692562,20.78084127044,"African"
"914",914,26.1979429963645,54.7689770127216,23.0021436090487,"European"
"915",915,28.9903413980149,72.1909962096294,19.6122907833946,"European"
"916",916,24.5546343879292,51.3689520826941,22.6910284767308,"European"
"917",917,30.2585210745496,69.9368799704314,14.0917947005663,"European"
"918",918,30.5024984640383,69.180753081144,19.4090210204434,"European"
"919",919,28.3373789108369,65.9558260773169,19.1866488892087,"African"
"920",920,31.3573371911821,78.1540902164547,24.3758421542523,"African"
"921",921,25.6714398793421,61.7885129653513,15.4392954219109,"African"
"922",922,26.2446681756747,59.8067008731346,18.0479733362608,"European"
"923",923,26.6071578604542,62.8578819437035,16.6019479778084,"European"
"924",924,25.9272406697984,64.868322040824,16.7573780894728,"European"
"925",925,28.3144327270481,61.0600304254165,16.8223496035104,"African"
"926",926,29.1092003176308,67.7677370573202,20.1962879105423,"European"
"927",927,29.2036220303772,70.9622178327363,22.7080116935802,"African"
"928",928,28.0200302302964,63.9843490213889,23.1048144118244,"European"
"929",929,28.0531221704945,65.5317762046085,23.6254158544891,"African"
"930",930,28.2283846021525,54.0985989008335,20.7984060021903,"European"
"931",931,25.3952057002033,57.431100232899,21.6558503905261,"African"
"932",932,28.6764955539906,63.5636297486747,18.3795264653968,"African"
"933",933,25.7143404124619,61.6868517101909,21.4437515317085,"African"
"934",934,27.9669130193138,62.3265161907527,18.3080310183154,"European"
"935",935,28.4459645205702,65.5641962094037,18.4216857455923,"European"
"936",936,23.3058942514304,44.0347566634121,18.8168601408739,"European"
"937",937,32.0226145219106,81.321517605054,23.4922069091146,"African"
"938",938,30.4250730395604,71.7220465630605,20.7735756271165,"African"
"939",939,21.3898122706729,42.2188674480753,21.4535840802034,"European"
"940",940,29.9709593004273,70.2177770045979,20.4798598963682,"African"
"941",941,24.539844316857,52.887340086666,21.0074648975164,"European"
"942",942,23.2705670342241,48.674489789312,18.6025431928381,"European"
"943",943,34.6681789310446,88.9766436691548,21.8543351877368,"European"
"944",944,28.0497265236553,62.0247449236031,20.0939767414275,"European"
"945",945,30.7436690190238,74.9571553581857,24.568827316105,"European"
"946",946,29.6886996774401,73.1908142540249,21.9511645938502,"European"
"947",947,28.3433593545076,66.0119437070799,24.9931604665032,"European"
"948",948,26.795993685088,59.3166305627425,18.20752789565,"European"
"949",949,25.2935601460246,50.2127137317125,20.1832674764719,"European"
"950",950,26.8774002291896,62.1350841028128,21.961868839817,"European"
"951",951,25.1371733564219,51.3673542032161,22.5599775326115,"European"
"952",952,24.636126143395,52.1509043219187,16.2227975145364,"African"
"953",953,31.0394664845489,76.8574693694311,21.407324064742,"European"
"954",954,22.5627773353373,42.4219859082699,16.7647154367688,"European"
"955",955,26.744395977328,68.8408998922393,20.112340062585,"European"
"956",956,23.4794906681499,52.6431800401951,17.0435607272884,"European"
"957",957,26.0601172879464,58.7361520018931,20.8732281238755,"European"
"958",958,25.3681136166925,57.7751136024208,20.7269860535964,"European"
"959",959,29.1259501993215,66.5703262640978,19.3979241439919,"African"
"960",960,28.5566485592149,61.4410426711381,18.3754565389794,"African"
"961",961,32.2344832425988,88.3789207023323,19.289614141758,"African"
"962",962,26.6414919430295,60.8390578894785,24.5853886326002,"African"
"963",963,29.3337979161722,66.420210795728,20.3434529315031,"African"
"964",964,26.8642541482307,59.4178194693223,22.8548537372754,"European"
"965",965,24.1113402278832,51.151935982433,21.0850498660131,"European"
"966",966,25.5506916075904,57.7243419542077,18.1601125106292,"European"
"967",967,31.7012330155279,78.5301177076999,22.1030868356032,"African"
"968",968,28.5717630281596,68.8415909798111,23.1337087720856,"African"
"969",969,28.6601602924922,70.4849635124576,20.3697908943946,"European"
"970",970,30.2751814545778,70.6222307668793,17.39495280837,"European"
"971",971,26.600863959801,54.1133574390775,20.707660923436,"European"
"972",972,27.0975860489038,67.1889357156992,18.6134915840056,"African"
"973",973,34.2429530360186,82.7740069687292,20.502795720984,"European"
"974",974,24.5763562578041,50.2670090430486,20.9056563012397,"African"
"975",975,21.5122759863015,39.2498795553081,26.8688021095552,"European"
"976",976,30.4373528268463,70.9835988802366,19.2504906392594,"European"
"977",977,24.6159500574469,59.241943464988,20.1733240181358,"European"
"978",978,35.8874252088595,95.7520054667084,20.6300339507135,"African"
"979",979,19.0796789719313,41.4731630107785,16.5922260525124,"European"
"980",980,25.5977366744579,50.6115248983136,21.7567499202711,"African"
"981",981,24.1015254370426,48.8157803301635,19.1333314906042,"African"
"982",982,27.0193613823062,66.1799773446353,26.2483521670664,"European"
"983",983,27.810302893804,58.5365914243018,18.3819108924051,"African"
"984",984,27.5531907339762,62.0118387471519,23.6780042192548,"European"
"985",985,32.6357792740008,81.5018932563003,19.3933660362391,"African"
"986",986,28.5951999682717,66.7661352226663,21.7138969383778,"African"
"987",987,27.8070012379487,63.809698130508,15.7073611129216,"European"
"988",988,24.710883556496,52.6811763320894,25.0523584393853,"African"
"989",989,29.6566082075347,65.1299657349693,18.7166404352285,"African"
"990",990,29.1005298994183,70.1754115428289,21.5449692524408,"African"
"991",991,25.7385604358232,61.1532678994959,26.6362042519399,"European"
"992",992,30.6059906819218,77.469575133979,22.5247750297128,"European"
"993",993,29.2777123545772,71.1080863969855,18.2916532200624,"European"
"994",994,34.1734960582699,88.7147424135067,16.1025118984047,"African"
"995",995,24.7007840765216,59.5911450053946,17.6755322102548,"European"
"996",996,27.3118627774501,65.4001011304916,21.0788842733798,"European"
"997",997,26.4743986676471,51.9863152988411,21.3363210040654,"African"
"998",998,30.5976009219692,78.0671680191954,19.9755664277271,"European"
"999",999,29.8501075128892,73.1222730489764,24.2535847142955,"European"
"1000",1000,25.8893490576966,59.2482500149157,22.4573329840292,"European"
