"","observation","wingspan","mass","velocity"
"1",1,30.2375500021781,73.7040149127064,18.643773946499
"2",2,30.3638399586976,74.2054004727631,20.9211846029526
"3",3,33.156656015511,85.2931993870422,17.8904978378472
"4",4,25.6865130298372,55.6358780307013,22.0606726896328
"5",5,26.7103606047419,59.7006699104673,21.9518070511847
"6",6,18.3938120714928,26.6830218012958,22.6644409869953
"7",7,33.6522727808786,87.2608545856492,22.3080943022995
"8",8,27.4347817173395,62.5767045158062,21.3126633315288
"9",9,25.4965573482195,54.8817322661554,20.5703000525664
"10",10,29.9632285470448,72.6149273858104,25.4670422438226
"11",11,27.0149339229213,60.9098607909014,21.7328666088302
"12",12,27.3269118094876,62.1484486540404,19.6644328056644
"13",13,24.0144991532636,48.997791859539,17.904839588255
"14",14,31.2178532811515,77.5959309612941,24.7013826150101
"15",15,26.7536856075818,59.8726751230117,19.5345253747788
"16",16,24.0032042382164,48.9529497559959,22.0320923341722
"17",17,25.7016226036058,55.6958647653156,22.3586014393841
"18",18,25.7342127229418,55.8252512635451,21.133887844689
"19",19,30.6510055264896,75.3454805947658,28.1791602132346
"20",20,28.6603100656729,67.4421921145752,23.8940021908686
"21",21,28.453874346629,66.6226187180749,17.6621662238757
"22",22,30.6633702364496,75.394569906371,21.6691436913602
"23",23,26.0734630842111,57.172113968009,20.8973214065857
"24",24,25.19708048047,53.6927748763609,24.0093494835141
"25",25,24.9754986525943,52.8130696968701,19.1895661652679
"26",26,24.0346564509049,49.0778186347925,16.7528442052691
"27",27,27.8600358992296,64.265012216827,20.8461061773592
"28",28,26.2966947733462,58.0583692852493,20.5839965718359
"29",29,28.1607002527021,65.4586840606502,26.4840723142002
"30",30,33.9376571163923,88.3938630119438,27.2574636171294
"31",31,27.5750466037984,63.1335721448059,21.3785732585697
"32",32,28.2669327886251,65.8804393687361,22.9349937856862
"33",33,29.412186301565,70.4272266970209,18.1554369532294
"34",34,29.6814337283819,71.4961697516305,29.0822191362596
"35",35,27.6799179418322,63.549923341711,29.0328477085472
"36",36,27.202141627823,61.6530967738404,17.6222071947769
"37",37,27.0590411870794,61.0849716702772,17.1746216149266
"38",38,31.2516542840382,77.7301248056017,18.5651107297051
"39",39,29.0529537814776,69.0010325384468,20.0723447968289
"40",40,32.1327671368332,81.2282435265765,16.7560564613375
"41",41,30.599986672392,75.1429299134591,20.6681500015467
"42",42,29.6243420517679,71.2695092709194,27.6057676055387
"43",43,27.0296810850877,60.9684087100376,22.8845717323818
"44",44,28.7705203513304,67.8797395436926,17.149627087302
"45",45,24.1582691936113,49.5685753500536,21.9980813348194
"46",46,26.1149565211942,57.3368476547868,18.3997014384787
"47",47,27.3106493231637,62.0838847248241,19.7782249887823
"48",48,21.6690153723407,39.6859532025926,24.6581200262272
"49",49,28.9015977408287,68.400131759793,20.798556145642
"50",50,29.7523094662742,71.7775545308869,21.2574587155282
"51",51,29.4772534731131,70.685550804076,24.3684303818495
"52",52,31.5121698564141,78.7644014001866,14.9618223023469
"53",53,22.6754840187982,43.6817487503239,17.9758931115199
"54",54,30.8032878285932,75.95005873725,21.9600600462301
"55",55,36.1827617828634,97.3071851129866,21.6788088960963
"56",56,28.392472783545,66.3788474955352,21.316264162499
"57",57,30.2659680007009,73.8168376145087,21.0885231469776
"58",58,28.3108054960685,66.0546190311491,15.9395207785262
"59",59,26.4128795717795,58.5196362128659,22.4581752743213
"60",60,26.0532107823985,57.0917100153388,16.3890825908801
"61",61,30.077086000702,73.0669544886917,21.0480301964994
"62",62,26.2499464641226,57.8727731551394,21.9666661948426
"63",63,29.706477250448,71.5955953962575,20.2697154922209
"64",64,27.7283330815804,63.7421369794927,23.9281569169889
"65",65,27.5415742879022,63.0006832254133,25.1508895918323
"66",66,29.2056021711732,69.6070640905082,26.3380088994301
"67",67,29.8666814233285,72.2316242710538,22.1925634339201
"68",68,23.9976126872839,48.9307506597798,25.1102952334188
"69",69,24.8433002156141,52.2882267941507,22.3015184766248
"70",70,30.2421800247646,73.7223966315031,24.4442034376602
"71",71,28.6511453064345,67.4058069730316,23.525692188512
"72",72,27.6787821521036,63.5454141266883,25.1046324272224
"73",73,31.7598783383886,79.7478323822574,16.823649216698
"74",74,26.8231856115542,60.1485980813849,26.3512800569499
"75",75,26.9743175373086,60.7486090982951,17.3849142002511
"76",76,26.6556619843916,59.4835101366064,24.8088342380455
"77",77,28.9556809023598,68.6148480918056,20.4193987963971
"78",78,25.2754074445106,54.0037418749679,27.8628341817921
"79",79,31.4071948666101,78.347638693908,18.6717943267203
"80",80,24.7985686312658,52.1106372922712,17.5823061677652
"81",81,33.6969367189399,87.4381755240385,20.5518464408375
"82",82,28.5506364811231,67.0067754501912,18.2507827598337
"83",83,20.0992378828178,33.453757171805,17.5654082181381
"84",84,25.4604658879153,54.7384450441417,21.9055019956333
"85",85,32.1986884762955,81.4899587778673,19.1570794003638
"86",86,31.7019660715315,79.5179140645023,24.1437157556906
"87",87,27.9135936328133,64.4776425398418,18.1664237179939
"88",88,24.4070800395019,50.5563828428518,22.5379149812112
"89",89,33.4363785135892,86.4037296716718,18.6008833164296
"90",90,23.616961028048,47.4195200709633,22.6564713476552
"91",91,25.7916105058426,56.0531270211972,22.8224611591118
"92",92,27.8668420896682,64.2920335706937,22.2388138620977
"93",93,31.7731315210401,79.8004490319843,19.0049248714456
"94",94,27.5975464750005,63.2228992048097,24.6417651435504
"95",95,27.4473308089199,62.6265258435161,22.0431234310966
"96",96,21.9746356380836,40.8993005845009,18.3284865021929
"97",97,35.5393232070172,94.752660433401,15.1549622648892
"98",98,29.2008966943408,69.5883828097323,25.8065026307214
"99",99,27.0439294363137,61.0249762927356,25.687033867206
"100",100,28.7326636782579,67.7294442252565,23.5090373019424
"101",101,28.1297084113121,65.3356429085207,24.3913092019288
"102",102,25.4651964380844,54.7572258689301,23.4721999429292
"103",103,25.7015183272333,55.6954507761998,17.7905797288519
"104",104,24.1111762948711,49.3816111601824,22.3857981731454
"105",105,28.1534989434964,65.4300940401234,14.8205429895549
"106",106,32.549356577507,82.8821512147447,21.6029249447844
"107",107,26.2054472875793,57.6961063388057,18.5545352794273
"108",108,28.960740236187,68.6349342252907,17.1797914507759
"109",109,25.3411813743054,54.2648718930323,18.7975823564714
"110",110,30.2600007235345,73.7931468422055,19.1473128093641
"111",111,23.2147175746456,45.8225675917515,24.9222208576508
"112",112,29.1900259155691,69.5452245756738,14.9676466991569
"113",113,29.7420653799258,71.7368843373689,26.0469274869442
"114",114,25.3651690181331,54.3601055803852,20.9138781606622
"115",115,31.0027578588593,76.7419775532491,22.7691226623512
"116",116,27.9906748567313,64.7836638077961,17.9778186178188
"117",117,34.0367948898364,88.7874513021846,22.6620795909841
"118",118,28.6384779179725,67.3555159931822,19.6672097874366
"119",119,33.6748664257217,87.3505539377242,23.0867550973035
"120",120,32.5782058324938,82.9966860539942,20.3519531820036
"121",121,25.7537780454493,55.9029278298649,21.9414240732456
"122",122,23.8941725919046,48.5200816597785,17.495600712874
"123",123,29.7569828629922,71.7961084499429,19.7819851569254
"124",124,29.1539198755925,69.4018794706946,19.1839345171862
"125",125,23.3564338961175,46.3851975836261,16.8435869196694
"126",126,29.9366429240014,72.5093794240686,23.7456584006686
"127",127,26.2085103686979,57.7082671209015,25.1635645839856
"128",128,30.3324900796208,74.0809378700998,22.2012202701367
"129",129,28.4299888970078,66.5277907534008,19.7112844403877
"130",130,31.7067532241665,79.5369196075488,22.8832192771421
"131",131,32.1013727342042,81.103604160323,20.3051565180584
"132",132,26.2379900507017,57.8253048274549,24.189129233841
"133",133,27.5612701917864,63.0788782147218,15.9498011426053
"134",134,27.2797188591331,61.9610872478261,19.2570229531183
"135",135,25.9810853177285,56.8053636779532,19.2774565864851
"136",136,29.5404869384749,70.9365948880123,21.9770127630837
"137",137,27.130761960005,61.3697113351887,20.8416563932654
"138",138,23.3135326948314,46.214874911683,26.2262557538659
"139",139,21.7750899807984,40.1070815205928,25.70350649957
"140",140,26.1434664455673,57.4500353127207,16.2391297839334
"141",141,29.450154553256,70.5779649953235,25.0147707214354
"142",142,24.5359785177925,51.0681245324471,20.881063609953
"143",143,25.0137100872075,52.9647734591652,20.5978547241599
"144",144,27.4853555843798,62.777488547641,19.4056384983225
"145",145,23.8543034559412,48.3617966336775,19.5642545728477
"146",146,28.6485082439712,67.3953375336832,20.5490360504625
"147",147,26.6329896275289,59.3934982888184,21.721511831658
"148",148,21.3679500787108,38.4906895805245,22.5383188824786
"149",149,30.6275048806201,75.2521803449618,19.4234821812478
"150",150,26.1656890338474,57.5382615278354,20.1551124642597
"151",151,28.4561553592453,66.6316745988405,21.1693776940502
"152",152,28.4502186388364,66.6081051403566,20.4978470990677
"153",153,28.2236696198249,65.7086796443959,22.2718182134567
"154",154,23.0795508094266,45.2859400866976,20.1429558094396
"155",155,24.8101484756598,52.1566105978835,23.1464903211448
"156",156,27.658805029664,63.4661026675765,21.4112186457899
"157",157,24.5788367503134,51.2382766134814,21.0895843515654
"158",158,23.8197584837476,48.2246491461987,22.3344981839769
"159",159,25.216749306739,53.7708623644426,16.313340701988
"160",160,30.4431385383885,74.5202248965399,17.9148200533264
"161",161,27.7936269257596,64.0013610027982,17.9866727442879
"162",162,24.0131057624934,48.9922599389419,24.6913771614553
"163",163,24.8181623287983,52.188426510683,24.2395102543885
"164",164,31.9040810121295,80.320333476785,22.42077417483
"165",165,27.1737925597204,61.5405477336837,17.4616102181259
"166",166,22.1678450473356,41.6663640195974,18.6855639681942
"167",167,27.7516567143751,63.8347344671602,20.3412954899548
"168",168,30.1089646737545,73.1935164638701,21.5882304695331
"169",169,24.5703795981271,51.2047007528011,22.8051925893891
"170",170,28.1619595734717,65.4636837080231,26.6215559728742
"171",171,29.5808787326187,71.0969549268198,20.6865501958836
"172",172,33.1023530713472,85.0776104928605,20.7344820065061
"173",173,27.4641048306792,62.6931206268701,22.7599130470584
"174",174,22.8120237317276,44.2238270146911,21.9174526052021
"175",175,26.9397986489309,60.6115651665465,17.8783285815859
"176",176,27.466836551181,62.7039658694488,21.8116564988637
"177",177,32.7112882238765,83.5250383567114,20.0394662577946
"178",178,25.3744858966708,54.3970946529318,21.1780257201923
"179",179,30.7725812720275,75.828150198476,22.6382010372558
"180",180,27.9271888854086,64.5316172463384,26.8730695865395
"181",181,23.2404975358653,45.9249169839803,21.6316125300578
"182",182,27.6020380026036,63.2407310826947,20.8553377334057
"183",183,25.5451806737798,55.0747724254027,20.7437673202164
"184",184,25.9114191265945,56.5287809375562,16.5175488283667
"185",185,29.2522326661689,69.7921924846698,25.6149831809562
"186",186,27.5425693849513,63.0046338744201,19.6330683183368
"187",187,37.4937650029631,102.512017720911,23.0851218819518
"188",188,29.0912272664688,69.1529826478339,23.525170504517
"189",189,23.7396435183457,47.9065835778509,21.2911634183121
"190",190,27.8803628070734,64.3457123639676,17.9084130246155
"191",191,22.0692071011295,41.2747601006133,19.5363392164866
"192",192,30.9443824961297,76.5102206919568,19.9808970048259
"193",193,28.2176162470819,65.6846470628141,18.9087297383422
"194",194,29.5448807891488,70.9540389773257,21.1646657261569
"195",195,32.6319163951349,83.2099231258324,21.7544152236311
"196",196,18.8806607364923,28.6158666394048,23.1546791392293
"197",197,23.3610230283956,46.4034169632252,27.0798971189726
"198",198,26.1631124328296,57.5280321273354,21.9439232751017
"199",199,34.3015929034615,89.8387296779345,25.1564568017338
"200",200,23.256124510926,45.986957860854,18.2490073519396
"201",201,30.3877462367125,74.3003111285406,26.6869831584711
"202",202,27.8652269407401,64.2856212448666,20.0328002390662
"203",203,27.9667648659977,64.6887384121012,17.8247913270247
"204",204,29.0306016288916,68.9122919382307,22.9306793692356
"205",205,24.7568655803895,51.9450714143822,23.1630443573769
"206",206,31.3604478516461,78.1620477021565,18.556153741224
"207",207,29.64307672914,71.3438880811235,23.6923621634228
"208",208,30.6061169772157,75.1672679241932,19.9252577083463
"209",209,24.9604831321878,52.7534563648518,23.2360573871931
"210",210,27.2087024077451,61.6791438199104,26.1421734471174
"211",211,28.8510577087698,68.1994820567007,21.3837976024373
"212",212,28.1129968308076,65.2692960240844,19.1199658367852
"213",213,29.0470344406125,68.9775320787381,21.1124621896532
"214",214,26.0637467152398,57.1335388727865,16.9683258463856
"215",215,30.0573777966018,72.9887106661204,22.2214817704947
"216",216,25.2897518411526,54.0606907689436,24.2596736064366
"217",217,29.4251271635383,70.4786033979628,19.3278257102256
"218",218,30.0290370600665,72.876194703238,19.3596300721549
"219",219,27.7603321102129,63.8691767800782,27.1909076422495
"220",220,25.0039365074406,52.9259712305462,21.6843954189501
"221",221,33.2550401211544,85.6837955299834,23.0353029798632
"222",222,29.8258041222914,72.0693367143951,23.5523425900055
"223",223,25.6631096012278,55.5429637445305,19.4188749158245
"224",224,26.621622310488,59.3483687410857,21.3285527445852
"225",225,26.8565739741361,60.2811536965251,21.7771549102908
"226",226,26.4952220978998,58.8465454518359,18.5922940582956
"227",227,28.9862921266011,68.7363781503567,20.5976183059742
"228",228,27.4631462135377,62.6893148072653,18.035805873419
"229",229,29.7373691973459,71.7182399558374,22.1003311007231
"230",230,28.6298645382456,67.3213198913119,18.9253182085603
"231",231,28.8084316734504,68.0302518250921,22.7252059111894
"232",232,28.2051047723365,65.6349750782381,23.0761733237638
"233",233,28.7199135915946,67.6788249240973,23.4180726415679
"234",234,27.9596643662447,64.660548616622,22.1561976232539
"235",235,30.195221967658,73.5359677783272,19.3060399227988
"236",236,26.7845441254027,59.9951869653351,19.0151730338571
"237",237,28.9491416720894,68.5888866003154,17.9419730527585
"238",238,31.9509118101858,80.5062570969877,21.8965186520116
"239",239,30.5910627919113,75.1075010881117,20.4504809656101
"240",240,28.3029611322297,66.0234760102391,20.3052860753702
"241",241,28.3637808046135,66.2649370601992,22.2833435919673
"242",242,28.5454757669409,66.9862868251107,24.827754827145
"243",243,23.5864013874127,47.298194805223,20.917564904186
"244",244,28.6320435995127,67.3299710135699,23.9659474111376
"245",245,26.7774756482947,59.9671243034165,16.5390602072732
"246",246,30.5534243704909,74.9580722536769,18.5887420546969
"247",247,33.181707998825,85.3926586237906,16.0103751011856
"248",248,28.172979397324,65.5074336680849,26.1883797473563
"249",249,30.3217357379609,74.0382419046821,19.8876828277832
"250",250,25.1584025530406,53.5392190842735,27.556528594665
"251",251,29.2946971726391,69.9607814282871,22.170218790478
"252",252,28.8641723437322,68.2515486562689,17.2852126394727
"253",253,27.2071737287821,61.6730747897266,23.4591382090485
"254",254,30.209557018746,73.5928795693853,21.7451266265665
"255",255,31.0594071609319,76.9668817564757,22.1533369473945
"256",256,19.6211425076267,31.5556638945792,16.6040520690097
"257",257,31.3966218011684,78.3056624157933,17.5004438227119
"258",258,25.2615291722668,53.9486435481226,26.4507515726805
"259",259,31.9450051621999,80.4828070294598,22.4437362973293
"260",260,32.9363109550831,84.4184043156595,19.6084891945522
"261",261,28.0033526420089,64.8339960641914,16.7757828993662
"262",262,23.9846076245164,48.8791190743478,23.6255821109486
"263",263,26.1681191344123,57.5479093047949,19.3555707199865
"264",264,27.3301373473413,62.1612544079404,21.1314605675002
"265",265,24.9641746169281,52.7681119811414,21.8774010611885
"266",266,30.6132291809303,75.1955041857373,20.2044594552901
"267",267,32.9517418943612,84.479666908073,22.6390165588295
"268",268,27.6789668450275,63.5461473787033,20.0571572863436
"269",269,30.1483441006915,73.3498572891715,21.8959825381882
"270",270,31.2697123786912,77.8018175050905,24.0755522256413
"271",271,27.8749778868037,64.3243336150972,23.0346610076922
"272",272,29.3586509331695,70.2146851663591,18.5740217531712
"273",273,31.4067069418019,78.3457015766587,25.4531170238943
"274",274,31.4555940397788,78.5397889425444,19.4377073322016
"275",275,28.7271034117402,67.7073693317428,24.3722119475443
"276",276,29.1239612176872,69.2829401750739,20.3808135272533
"277",277,26.7712069205673,59.9422367379356,22.8847088622216
"278",278,25.3818263694795,54.4262371688665,19.5434768344171
"279",279,24.0197099198117,49.0184791982321,22.0000871122891
"280",280,29.989283486261,72.7183684721102,21.397478069591
"281",281,27.1097658513855,61.2863543844909,20.3230378529359
"282",282,28.1317346726841,65.3436873977329,19.2883566614586
"283",283,26.4461760351867,58.6518269777803,21.468068161523
"284",284,31.0369087005244,76.8775602974875,23.7245501878435
"285",285,23.7762016019826,48.0517233478222,19.0520618490311
"286",286,31.8675874909208,80.1754500270323,21.096681366737
"287",287,28.5094363963257,66.8432064051153,19.6909817958117
"288",288,28.8305537719898,68.1180790844525,22.9001896881177
"289",289,27.5720173539693,63.1215456767955,16.832709365278
"290",290,29.4645085628201,70.6349520536985,23.9639941227857
"291",291,25.7713104611912,55.9725335240007,19.3398622729373
"292",292,27.0438631106549,61.0247129722904,19.0094377788879
"293",293,26.5001216327611,58.8659971651642,15.4651644743341
"294",294,24.289241307153,50.0885496085752,22.5300299062853
"295",295,29.5748126734758,71.0728719787809,21.4125031075188
"296",296,30.3283978387585,74.0646912062068,25.9734185857276
"297",297,29.9453964738168,72.5441320172091,17.9179130177358
"298",298,29.2288149968194,69.6992216611331,17.6764398495945
"299",299,28.1292247101333,65.3337225595628,16.69216289227
"300",300,29.1902384887551,69.5460685155154,18.7979364857574
"301",301,26.7289011288652,59.7742779100861,24.5387341850054
"302",302,28.0633771029832,65.0723000339774,17.3282669536736
"303",303,28.498396170846,66.7993754482614,22.8768176288941
"304",304,27.2003940042322,61.6461585084631,20.8202258501166
"305",305,27.0077107906534,60.8811841303234,24.0558176087443
"306",306,28.8361150181836,68.1401578673921,20.4274290999473
"307",307,28.5618409664533,67.0512585374234,18.5543706299142
"308",308,24.7760450449197,52.0212160804355,23.8931089569018
"309",309,27.2775540957459,61.9524928897855,20.1239217206683
"310",310,26.2142347881176,57.7309937201963,30.5930889725259
"311",311,32.9460803632482,84.4571899825429,18.5247705813144
"312",312,28.9086964848182,68.4283145846903,24.0926968938858
"313",313,30.3207024057868,74.0341394578595,20.0716048169829
"314",314,26.9768345634636,60.7586019797814,25.2772672676536
"315",315,31.5177069012536,78.7863841009842,18.0288126489157
"316",316,26.6797341262094,59.5790792906367,15.3036711279147
"317",317,25.1558981182615,53.5292761919885,22.6193971832673
"318",318,27.1165377640422,61.3132396516459,24.0367689587411
"319",319,27.4773153715633,62.7455679839075,21.6196328934109
"320",320,29.4243155981604,70.4753813906654,22.3558358573737
"321",321,30.7276526681934,75.6497785067218,17.5358394135496
"322",322,23.6531417687704,47.5631617464401,17.971899392207
"323",323,29.2617088108155,69.8298138618698,17.3020080755173
"324",324,28.6791035588079,67.51680443008,21.8337629370763
"325",325,27.8389743187309,64.1813953352871,22.1458198705732
"326",326,31.8967928247466,80.2913985399661,14.8841431493043
"327",327,24.5690043819642,51.1992409874719,19.2250708342842
"328",328,30.5987987979803,75.138213916292,18.9988506342526
"329",329,28.9241404004451,68.4896286946911,24.6263089345897
"330",330,31.2156426403047,77.5871544644955,17.571590961192
"331",331,33.6774009091414,87.3606161265461,23.1394873227499
"332",332,27.6338412159646,63.3669934742742,19.1136036071324
"333",333,29.6805082982082,71.4924956880806,21.4215166368701
"334",334,30.4716270380663,74.6333274959846,18.7802758129914
"335",335,27.1696518146595,61.524108502579,15.6709447365073
"336",336,25.6562410257524,55.5156947149383,20.1856059619352
"337",337,26.7953718574489,60.0381742989739,24.6239444234357
"338",338,33.2489796882984,85.6597349189466,23.3324050334393
"339",339,26.9994385904448,60.8483425501312,21.2045562531663
"340",340,30.9513211553686,76.5377679620995,22.6660072770326
"341",341,28.0052500186253,64.8415288661947,22.4920777515303
"342",342,27.2989257929717,62.0373409701729,18.3366181877338
"343",343,27.2913012614641,62.007070708741,23.733603863497
"344",344,24.5517584504501,51.1307726684607,17.9487042101949
"345",345,31.0446650930071,76.9083540620605,29.1081920450432
"346",346,30.2438766831365,73.7291325591372,20.0452454573597
"347",347,25.014165405022,52.9665811229234,24.3001096186214
"348",348,32.2456096856065,81.676241341084,20.8757611765421
"349",349,31.0484361852797,76.9233257293508,26.4474486164221
"350",350,24.3889315314397,50.4843311917963,20.7656424005803
"351",351,39.0060034046921,108.515776997472,20.0007511153117
"352",352,27.0709908118346,61.1324130461831,24.4401497432826
"353",353,24.5869264439355,51.270393621668,23.2153209286324
"354",354,28.6641879491595,67.4575877551896,16.2551577666178
"355",355,17.3207627698227,22.4228934433969,23.3253653440673
"356",356,34.7714366636103,91.7040631004311,13.6365807996821
"357",357,27.9480151723379,64.6142999855185,24.389912298684
"358",358,28.7219014556779,67.6867169716851,17.6947800287207
"359",359,25.2118296294949,53.7513306835528,22.1657976953488
"360",360,24.6211544346042,51.4062826562673,20.7521183533142
"361",361,30.8950129829455,76.3142180825668,18.0309453066542
"362",362,28.1313579882756,65.3421919175829,16.2180505214096
"363",363,27.0140432479794,60.9063247095938,22.458767391273
"364",364,28.0105385651058,64.862525000108,20.8666787403066
"365",365,29.9878438334915,72.7126528860889,19.7391585712546
"366",366,22.0666195454038,41.2644872086708,18.6011355347819
"367",367,32.2368344970924,81.6414028398362,21.626035138067
"368",368,27.8435011910765,64.199367535839,25.2050843379237
"369",369,28.9650162970534,68.651910675607,23.9945085042354
"370",370,27.3604122918097,62.2814493973629,23.7832974139183
"371",371,30.9701222341018,76.6124103932962,16.0607063410051
"372",372,29.2097049399488,69.6233525514203,20.0245300198769
"373",373,29.7228503589686,71.6605985082366,22.8282297070547
"374",374,24.3833489410519,50.4621676699667,24.2793577301577
"375",375,25.8535224566269,56.2989245412353,23.6499186593476
"376",376,29.5524616902872,70.984136021206,15.4390559983832
"377",377,27.6878176069863,63.5812859151625,20.2875548844221
"378",378,33.632474502979,87.1822531597998,25.1722479654242
"379",379,32.1319839594797,81.2251342229803,20.8715090597849
"380",380,29.3884940697798,70.3331658292367,23.4495827387354
"381",381,27.7612298103459,63.8727407521971,22.5435170490621
"382",382,25.6570080071792,55.5187397188547,18.664259025639
"383",383,31.9846966919949,80.6403869387754,20.9015603130591
"384",384,26.8042458418517,60.0734050311903,23.2766678615105
"385",385,25.8121271003272,56.1345802459795,25.2125477199435
"386",386,23.1369279443234,45.5137338694143,20.7703725076454
"387",387,32.6467501379176,83.2688147799101,25.439674834621
"388",388,30.9633396292527,76.5854826769152,16.2380711843937
"389",389,32.3970951514525,82.2776559525612,25.7154331825211
"390",390,27.4529180010693,62.6487076348648,23.8212073775748
"391",391,27.6955345944525,63.6119232373167,19.6867006648365
"392",392,26.5640559058763,59.1198235359707,25.8938663197411
"393",393,29.2839217529467,69.918001780671,23.2192963873241
"394",394,25.703170865999,55.7020115439553,21.8938717592037
"395",395,28.9073447094172,68.4229478818645,18.8450667594296
"396",396,30.8975728388725,76.3243810031426,29.4248762582709
"397",397,27.4510078824013,62.6411242454608,19.1839532037626
"398",398,20.0208585340908,33.1425822000068,14.8913811501981
"399",399,27.476551039076,62.7425334965834,21.1721528062044
"400",400,26.0620018148137,57.1266114186841,21.0111911014091
"401",401,24.7395241981162,51.8762241449485,21.138638981188
"402",402,27.6922673968436,63.5989520894274,23.1976664576812
"403",403,24.9176939517736,52.5835784285726,22.1079194836447
"404",404,28.5886632672195,67.1577461367726,20.3602851598263
"405",405,29.5536323706197,70.988783755914,21.5509299024216
"406",406,31.8812870884793,80.2298389949576,20.3689517189243
"407",407,24.5956929301892,51.3051975739471,21.0665370986603
"408",408,26.2229827804915,57.7657242496589,23.9879884121097
"409",409,28.8514147365647,68.2008994978483,18.9669999528356
"410",410,23.5561946720951,47.1782706933268,19.142752736393
"411",411,30.8983214939871,76.3273532495052,20.9761768918158
"412",412,30.6457899501063,75.3247741604772,21.3131749565219
"413",413,31.2559612145499,77.7472238119384,22.0811476618679
"414",414,26.9410177181532,60.6164050106767,20.39291060483
"415",415,34.176643641013,89.342666826557,25.8012963681074
"416",416,25.7454841546698,55.8700001356274,25.9415190450935
"417",417,23.2880399205973,46.1136656846074,24.0076437548373
"418",418,32.2315331848748,81.6203560244876,20.1173020263885
"419",419,31.2843663645777,77.859995503747,24.6418600382155
"420",420,25.5122742343207,54.944130100135,18.3435871416291
"421",421,28.0864824093925,65.1640307409441,18.7161393036513
"422",422,25.8011830624315,56.0911311648264,26.1081951329413
"423",423,26.6137607273142,59.3171573574479,27.6071740017938
"424",424,30.9995170179632,76.7291110445218,20.2027898471145
"425",425,22.8962090649629,44.5580524085074,21.7992524656329
"426",426,25.8571087229916,56.3131624285489,23.5795545042223
"427",427,22.368047120302,42.4611891287766,14.6488475158914
"428",428,27.0125867713932,60.9005423310975,21.2225163586312
"429",429,30.2823362085655,73.8818212703237,25.4304329694825
"430",430,30.1443730014197,73.3340915712371,21.8071092237943
"431",431,33.3070862090142,85.8904244467203,24.0041469305906
"432",432,25.3232969318878,54.1938686127638,16.7599596511992
"433",433,26.8493397714371,60.2524330850708,17.9771101196817
"434",434,26.2496616423852,57.871642380292,19.1890169110777
"435",435,28.2487023286145,65.8080623590795,21.4403199635124
"436",436,25.4736170427752,54.7906566318764,17.8179659577806
"437",437,29.6979990997497,71.5619361690851,26.4200443303606
"438",438,30.257607640547,73.7836460292585,28.0909313466417
"439",439,30.5479620734649,74.936386310241,18.8849613407812
"440",440,22.2198148869088,41.8726902219229,23.0256790927925
"441",441,27.3728120509814,62.3306778583441,24.2405745078029
"442",442,27.1301223517971,61.3671720175073,21.1641284492673
"443",443,32.9411398326559,84.4375755114774,22.3227867987872
"444",444,25.6087246150471,55.3270491341655,21.2363234654112
"445",445,27.0691430833736,61.1250773530306,20.6561432786676
"446",446,30.4553056104855,74.5685295632429,22.6012395070295
"447",447,26.722187836849,59.7476253735729,19.9069093800371
"448",448,30.0488793578273,72.9549708929665,20.3412905278953
"449",449,28.830318845119,68.1171463979274,24.7738794058616
"450",450,24.352973313774,50.3415729582846,15.0407476091646
"451",451,24.2160591970374,49.7980082680151,25.1338652449901
"452",452,25.9142391079804,56.5399765859318,20.0661508167537
"453",453,24.1584419398185,49.569261172238,22.6293374466908
"454",454,25.3869262002076,54.4464840796763,17.3557597760524
"455",455,28.9971765238936,68.7795904514992,23.4036602328225
"456",456,30.4035236928827,74.3629494326163,19.4191160038266
"457",457,27.877149178612,64.3329538917158,23.3744061294683
"458",458,28.1236611461938,65.3116345749073,16.7014542660197
"459",459,26.617714423518,59.3328539832134,19.9469815819732
"460",460,28.8855732846131,68.3365128373093,20.9380964689092
"461",461,27.3370684178062,62.1887715497832,18.4450336899176
"462",462,23.9697346185337,48.8200715408787,17.2475153667734
"463",463,25.9111723730116,56.5278012976328,18.5125861806276
"464",464,25.2589845194151,53.9385409854931,16.6378447863433
"465",465,24.02413874442,49.0360621380623,23.3361526025995
"466",466,23.2897646952068,46.1205132369178,18.9786819579814
"467",467,26.6928626580502,59.6312010624003,17.0677514775201
"468",468,30.1517898860653,73.3635374508968,21.5463499196967
"469",469,30.6952251093105,75.5210373920691,20.1706119451874
"470",470,29.2294674577716,69.7018120056779,21.5175760591048
"471",471,30.331763062027,74.0780515271675,21.7735454114842
"472",472,30.5148718838669,74.8050144759224,17.9323432421971
"473",473,29.0168835790174,68.8578297125033,26.5745993928029
"474",474,32.6326098785979,83.212676334433,19.9052259634476
"475",475,29.9009871932,72.3678220979773,19.3276182257204
"476",476,27.9500793907866,64.6224951686628,15.5377000438811
"477",477,30.4562424602666,74.5722489639387,21.9291736126774
"478",478,31.5622704952585,78.9633066620024,17.9560738785628
"479",479,32.1523024085952,81.3058007880024,17.8508858641819
"480",480,31.3823412206255,78.2489668790239,19.6366208284251
"481",481,26.8002267342139,60.0574487145562,20.4742251618692
"482",482,37.5439804787396,102.711378898471,19.8527414284858
"483",483,29.4084756577257,70.4124950169189,20.511013036979
"484",484,25.3035277816938,54.1153828272345,13.8713959398378
"485",485,31.4628625376375,78.5686457097021,20.5695128418157
"486",486,25.8365710000794,56.2316253214944,19.0565204649778
"487",487,29.4926523409508,70.7466860692058,20.1730058723412
"488",488,26.4579445080323,58.6985491599025,17.1527538617534
"489",489,25.9508953375929,56.6855060066422,22.0561170400441
"490",490,26.8262825142775,60.1608931391167,16.370165254811
"491",491,25.328177840821,54.2132463790287,20.8932775362601
"492",492,31.4116626552893,78.3653763255525,23.9613080059617
"493",493,26.3153111996799,58.1322786253175,19.0301021698029
"494",494,27.5371797624899,62.983236457311,20.4921667037538
"495",495,27.7071565969079,63.6580639152508,25.1306601839272
"496",496,30.5728452566867,75.0351753913328,20.626990080764
"497",497,30.5388765233286,74.9003156378847,22.7036818414091
"498",498,26.3453946456254,58.2517133437189,23.7939221724946
"499",499,20.635627810785,35.5832864855725,21.0526112347885
"500",500,25.9806416551902,56.8036022869734,25.160483969033
"501",501,30.2561453293023,73.7778404865011,23.8560942190941
"502",502,24.1353458051381,49.4775668780835,18.1729987178028
"503",503,27.1591466417425,61.4824017655459,18.6237267823904
"504",504,27.528029184554,62.9469076171587,19.2013386268591
"505",505,31.6673356282665,79.3804272471022,19.9586059959909
"506",506,30.0795917178808,73.0769024722504,22.5834280675115
"507",507,25.9163570409558,56.5483850218856,25.3514170383274
"508",508,29.5441723014,70.9512261999957,18.6119765512526
"509",509,32.2889045367193,81.8481268478259,22.8904698248158
"510",510,30.9721176841506,76.6203325580338,24.1034285745705
"511",511,31.2198616708863,77.603904498064,20.8852316534785
"512",512,28.046965698423,65.0071448823447,18.6209091624817
"513",513,26.3509774557523,58.2738777379377,19.9398179267414
"514",514,22.1305628701241,41.5183495153843,23.0045925873289
"515",515,33.0341092592055,84.8066747596155,20.3649608655884
"516",516,26.7506705980175,59.86070519048,21.8957078215943
"517",517,28.9686206140118,68.6662202258409,21.7862952609779
"518",518,31.3053500337637,77.9433030684724,24.4825478369038
"519",519,24.6057641403471,51.3451814292325,23.3430363980081
"520",520,28.6427755347129,67.3725780227821,24.5226941000662
"521",521,30.9350458856813,76.4731532814697,20.4131697371169
"522",522,24.9143163319569,52.5701688918988,25.792836945743
"523",523,24.7933116427547,52.0897664471026,26.0927552973688
"524",524,24.144011248437,49.5119696782848,24.8898090374861
"525",525,30.5025806701245,74.7562169527,18.2590450470979
"526",526,31.8092810318949,79.943966721318,19.292978891897
"527",527,25.1251296192816,53.4071217347515,30.4106184788987
"528",528,28.7455283996822,67.7805186395178,17.0785408926478
"529",529,30.0722395315339,73.0477134522302,24.7756450722693
"530",530,26.8394619128939,60.2132168577925,19.7923752092424
"531",531,29.5934166202004,71.1467317733746,16.1731524122918
"532",532,27.0007218269078,60.8534371455402,23.1744503315619
"533",533,24.7294887814937,51.8363823940895,19.9857434510837
"534",534,23.0488065544101,45.163881880766,19.3958325667403
"535",535,25.881000624448,56.4080160077462,23.9434605262125
"536",536,30.4191732127484,74.4250798149424,20.9540430289179
"537",537,26.6134938862872,59.3160979680755,21.3833880485851
"538",538,25.6457935278552,55.4742169543249,19.6344633530879
"539",539,29.6018520422053,71.1802213627515,22.1488253438862
"540",540,27.8929293098019,64.3956028159256,17.2984557680868
"541",541,27.4837429232619,62.7710860987046,20.6688679245757
"542",542,32.8198908621805,83.9562032421097,20.0520357206493
"543",543,31.0111230558231,76.7751883411873,17.3211968926977
"544",544,25.7512637577819,55.8929458204872,23.061901114479
"545",545,23.4028003845822,46.5692778416877,21.4129501579206
"546",546,30.1818846477408,73.4830170940395,18.8070031404804
"547",547,27.6804956398443,63.5522168688397,16.1708198404645
"548",548,32.8138195924831,83.9320996075742,21.5959186282166
"549",549,27.4329956526459,62.5696136348573,21.6578255013473
"550",550,29.9442535626764,72.5395945293677,19.6220580249917
"551",551,27.6986433767301,63.6242654582369,18.546343116155
"552",552,28.5366952668717,66.9514272363827,21.6912173603423
"553",553,22.5505963542674,43.1859304497189,20.971880019591
"554",554,27.1205980488762,61.3293594464545,23.7849434488209
"555",555,27.6716722667482,63.5171870692949,23.1311092103529
"556",556,24.7900050796286,52.0766390136114,23.4586057519831
"557",557,29.2431690779744,69.7562090037319,18.6091381426513
"558",558,33.2046460818163,85.4837254346771,25.5093414345819
"559",559,25.2997189392882,54.1002612876022,15.6073833267704
"560",560,24.5891751868603,51.2793213880703,16.654527502987
"561",561,31.6808941166328,79.4342559954083,16.5731733865433
"562",562,26.7790625860175,59.9734246275347,19.1078551464635
"563",563,31.3234273372583,78.0150720292571,17.1950437533328
"564",564,30.5570485757372,74.9724607626863,22.3071163651355
"565",565,27.7689755002687,63.903492026384,19.2106212680158
"566",566,25.4386113364563,54.6516799772667,17.3245041680285
"567",567,27.7489907595757,63.8241503219357,23.5092834525888
"568",568,26.1920932184644,57.6430891582889,26.5519840880571
"569",569,30.0243824723471,72.8577154580558,19.9456845407846
"570",570,28.9195762046864,68.4715083159236,19.0686547847281
"571",571,29.0721418589945,69.0772113990415,20.5859381832901
"572",572,26.8817750677488,60.3812049182003,18.8311687066474
"573",573,25.3776280248583,54.4095692609252,17.215492160658
"574",574,27.8921238929415,64.3924052189452,28.8514751582948
"575",575,24.254924880053,49.9523094712368,21.2063599817771
"576",576,27.4399433139456,62.5971966442099,23.1116141688667
"577",577,34.2523447566788,89.6432089070285,20.5211060214404
"578",578,27.162794547671,61.4968843689722,18.9735330346509
"579",579,26.4402058653226,58.6281247211368,19.7417716144302
"580",580,31.3977450864633,78.3101219867852,16.9460227298159
"581",581,27.477875139291,62.7477903257579,23.4875021388518
"582",582,28.0838242304934,65.1534774669325,16.5183058969457
"583",583,27.0117449459397,60.8972001878415,23.2405134828022
"584",584,24.379000533994,50.4449039970019,25.7831340992723
"585",585,29.3245030254978,70.0791140704098,15.75965321679
"586",586,30.6687214149755,75.4158146966627,22.9777528170818
"587",587,27.8664446779587,64.2904558007902,28.5873709195302
"588",588,22.5273430382305,43.0936121276158,21.5997572831248
"589",589,33.1596825161192,85.3052149403317,20.2468888718404
"590",590,28.0260567057796,64.9241337920281,21.437039625351
"591",591,27.4953348020051,62.8171071820588,19.192486912449
"592",592,30.0662262952141,73.0238402168356,24.7255367631597
"593",593,33.4546491652785,86.4762662468857,20.5537385579267
"594",594,26.2091114744709,57.7106535795158,21.2701620716119
"595",595,28.3947008253344,66.3876930760646,15.3660497034623
"596",596,25.8696117182164,56.3628007484593,17.8438132028854
"597",597,29.8882731953115,72.3173460733781,25.2863170986426
"598",598,28.3280775662465,66.1231911236432,24.670820472728
"599",599,23.3042660999635,46.1780854710519,17.2976682891228
"600",600,25.3510600091392,54.304091202273,23.8533306273058
"601",601,31.1517816004173,77.3336188379722,20.0082174179186
"602",602,31.7071447973552,79.5384741978576,21.8541636068808
"603",603,27.801709383432,64.0334492834372,21.5489873979946
"604",604,32.1803153279598,81.4170152792536,17.0009414746008
"605",605,33.4439542167078,86.4338060788197,19.891495320198
"606",606,24.0337955711562,49.074400843807,20.7798283321331
"607",607,23.2056897348955,45.7867260362236,15.1315216663879
"608",608,27.8548015184957,64.2442311271181,25.1543070130019
"609",609,24.1067493135357,49.3640355383562,18.0073368310015
"610",610,22.6345010009352,43.5190414857846,20.9950911249244
"611",611,25.9740534553019,56.7774463805038,13.5976038584763
"612",612,34.9911827426394,92.576480147208,13.6853501863423
"613",613,18.3844895425693,26.6460102960718,19.0721288283634
"614",614,33.7780794372516,87.7603213888918,19.8105411235034
"615",615,30.3950480569369,74.3293001892983,23.9202388395006
"616",616,24.2921382566425,50.1000508291177,18.1019359075832
"617",617,27.9797855742585,64.7404321119297,24.435493556578
"618",618,24.3971662860017,50.517024108492,17.2044712804311
"619",619,22.2190687208707,41.8697278574781,18.6722505837437
"620",620,25.5116372391852,54.9416011566501,18.5499571322815
"621",621,23.3863619252175,46.5040152793894,20.6361513237953
"622",622,26.9402265398026,60.6132639422076,21.8478958970146
"623",623,29.1523352316804,69.3955882532674,20.797708434131
"624",624,20.5838518265225,35.3777299109853,19.7723674697619
"625",625,28.0634427138646,65.0725605166751,18.3509066707124
"626",626,27.1366283638991,61.3930016290726,21.550575694712
"627",627,26.8049174626256,60.0760714424169,23.0450402406192
"628",628,26.1347075733819,57.4152615891626,18.5802212795083
"629",629,28.8284877298096,68.1098766608854,22.4939738473874
"630",630,25.8405517517361,56.2474293604999,26.1443447071663
"631",631,27.1125993820005,61.297603824854,14.7697489247128
"632",632,27.7546713820807,63.8467030424738,17.0995783895159
"633",633,27.1983256590261,61.6379469416201,22.3374436668216
"634",634,28.3646427742527,66.2683591781745,17.8075587450308
"635",635,26.7816200158397,59.9835779161969,19.3774337297348
"636",636,26.1235766589049,57.3710705866253,23.307061801131
"637",637,27.6523526843614,63.4404861193378,17.6882375431195
"638",638,29.6580264584541,71.4032402149863,20.1942121150131
"639",639,22.9152901081514,44.6338063305863,19.5640617105982
"640",640,26.2973463789949,58.0609562341414,15.9774196160818
"641",641,26.8990130976043,60.4496418667237,24.8517930398114
"642",642,26.0282179645338,56.9924856721854,14.6278267082611
"643",643,32.1556996433908,81.3192881983839,20.888148853132
"644",644,25.2127246393527,53.7548839749716,22.0129221939966
"645",645,25.2593575148307,53.9400218199198,22.1673039273856
"646",646,32.2122774881121,81.5439087077595,19.9038679555842
"647",647,26.9650813657521,60.7119404416874,18.6248099722918
"648",648,29.9265804428387,72.4694302238915,18.5736225801346
"649",649,28.044418561751,64.9970324586649,16.8929583927251
"650",650,26.1373632650343,57.4258049885205,23.5088427436342
"651",651,22.8859436666887,44.517297604208,16.9342949280383
"652",652,27.9495036245124,64.6202093107547,18.8906990365387
"653",653,25.9527809564544,56.6929921290148,20.5942857237085
"654",654,30.0984313587324,73.1516979994636,20.9262155959719
"655",655,27.2947737661005,62.0208569489921,17.8797788888125
"656",656,26.6229562040912,59.3536644511307,22.4556457046884
"657",657,22.6973788390879,43.7686736890586,21.8249246463081
"658",658,27.2969415849132,62.0294634374214,19.3253151483473
"659",659,26.5111335745726,58.9097158326227,21.2536605513353
"660",660,30.3478013908682,74.1417255255602,13.8474279042298
"661",661,26.9188876143106,60.5285459693484,21.4687885073151
"662",662,27.7450056779925,63.808329092627,23.3935410666909
"663",663,24.9723692477409,52.800645601967,18.177270635843
"664",664,27.9720493540677,64.7097184336613,14.0487896696065
"665",665,22.7554793401222,43.9993393180089,18.3840794407579
"666",666,26.4989614971854,58.861391294346,25.6297159528679
"667",667,27.0391556632275,61.006023868027,21.7141112013791
"668",668,24.0486841407968,49.1335101667761,21.4981562697349
"669",669,28.5323183925713,66.9340505452118,18.8588031643933
"670",670,23.4418847678144,46.7244473097628,23.1646683182402
"671",671,28.5380406044575,66.9567683803463,19.7096166971362
"672",672,24.5498802985025,51.1233161905896,25.8432868202717
"673",673,30.1102362230904,73.198564660049,23.5853655698125
"674",674,26.9205645535485,60.5352036097667,21.2107896766486
"675",675,21.446564311831,38.8027970702069,20.6459145353342
"676",676,25.3801361303582,54.4195267263911,20.6144819695843
"677",677,23.9183540008722,48.6160846168809,25.0073071945504
"678",678,27.9147977281608,64.4824229359778,19.8903085564497
"679",679,25.399234169989,54.4953481262884,20.3197514701217
"680",680,25.2736184415674,53.9966393288324,20.6971471612433
"681",681,29.4554050170757,70.5988099367215,19.2165815418965
"682",682,28.8070480871263,68.0247588292664,22.4218254698252
"683",683,28.3932684497256,66.3820063812027,16.7885532444394
"684",684,28.0531763965004,65.0318020634832,23.2686144552408
"685",685,30.5353540135218,74.8863308713921,20.2360899758234
"686",686,22.5538775157459,43.1989570357664,20.8756685092813
"687",687,28.3873029827925,66.3583227957326,21.7060240370819
"688",688,23.3254568415362,46.2622151368169,15.0904249079822
"689",689,30.8456722747231,76.1183298321666,23.9176903028531
"690",690,34.3632102684998,90.0833576588951,15.4911326048418
"691",691,28.9275774424051,68.5032741440646,23.4881199486623
"692",692,31.3930510381754,78.2914860786366,16.9596299677317
"693",693,27.4845761412462,62.7743940693241,16.4812407638575
"694",694,29.1115349345732,69.2336064110104,20.7405149285199
"695",695,26.5871728255364,59.2116003488703,15.9347947036797
"696",696,31.4174933842902,78.3885249860339,18.4920122068039
"697",697,34.3839548485596,90.1657160124655,27.6662630012505
"698",698,24.4954186520883,50.9070972303368,22.0139684120717
"699",699,28.9974341848325,68.7806133948729,14.1616198233341
"700",700,25.5887280622229,55.2476605342065,17.7870449613695
"701",701,28.3076482216774,66.0420842909967,18.1410465148346
"702",702,32.7637172379142,83.7331875341358,19.8156605265043
"703",703,27.7577441329759,63.8589022146879,17.2597627268243
"704",704,27.1189154446063,61.3226793152118,17.6683256239171
"705",705,32.6402720164205,83.2430958972337,23.1359621894351
"706",706,26.8715156350937,60.3404737980906,20.598819220331
"707",707,32.2807828613263,81.815882868354,23.3330411329003
"708",708,24.2823500492026,50.061190526965,21.0185920231347
"709",709,28.6934548894221,67.573780852718,19.0496520431023
"710",710,31.8499384214114,80.105381204108,20.5802093052094
"711",711,26.4791675119129,58.7828069107168,22.7931732629769
"712",712,27.6298054288806,63.3509709383326,22.6640125177728
"713",713,25.7309556041978,55.8123201299011,21.2280186531895
"714",714,27.9756189697599,64.7238902159023,16.6997313805457
"715",715,31.082118729276,77.0570492783259,27.7477087320597
"716",716,31.8453523671081,80.0871740444205,22.6717601428525
"717",717,22.5113358267278,43.0300616686134,19.5047517822035
"718",718,28.8847182795847,68.3331183696347,21.9445896382481
"719",719,25.9510999409685,56.6863183054258,22.1764405249076
"720",720,29.9548401933744,72.5816246631005,13.9260282290095
"721",721,22.3373370012911,42.339266446688,25.2118588689026
"722",722,38.5525218762843,106.715403504897,18.4667724578061
"723",723,29.0581156596298,69.0215257846211,22.8794164658898
"724",724,24.6324797495358,51.451245450826,21.7718119243774
"725",725,26.5969278620386,59.2503289586095,20.6274824631986
"726",726,33.9223353279212,88.3330337607086,16.4899336983963
"727",727,29.4264454704948,70.4838372272389,19.2390979704825
"728",728,26.6052867299415,59.2835146194524,25.6847061540697
"729",729,30.212042668969,73.6027478848359,20.8353371910902
"730",730,25.9674199470432,56.751110594626,23.305866359931
"731",731,27.1400928376772,61.406755985899,20.4580281395478
"732",732,33.8953946216628,88.2260760780235,14.9236568242338
"733",733,34.9955555530203,92.5938407041537,18.1063245896139
"734",734,30.3559836904034,74.1742101898048,20.1046846635633
"735",735,24.6360693913888,51.4654967392139,15.8439436044696
"736",736,21.4201434088608,38.6979030659803,22.2951991819321
"737",737,29.3637349762082,70.2348693982378,18.4506947894864
"738",738,26.1616968722852,57.522412190201,20.4986822188547
"739",739,25.2141741672519,53.7606387663864,22.9597265880598
"740",740,25.5229604010309,54.9865554032116,19.1948407903992
"741",741,24.2509045659859,49.9363483649406,22.0696897418309
"742",742,33.5815805880615,86.9801985013169,17.5418604286781
"743",743,28.8540365225149,68.2113082876939,19.7100270713564
"744",744,27.7873504210477,63.9764425618,21.0045675300601
"745",745,38.7923768200506,107.667655042763,23.9937761300582
"746",746,26.8704112981373,60.3360894541677,16.1228411927488
"747",747,23.6893967991438,47.7070983603217,15.9486597320707
"748",748,30.1647591627124,73.4150269613413,19.5376059003766
"749",749,26.6584849195493,59.4947175117933,23.1026691032794
"750",750,29.5276719303172,70.8857178411009,15.5374181080883
"751",751,25.8563982489138,56.3103417652656,19.3086513704379
"752",752,31.0992191530772,77.1249399150882,19.3226912226709
"753",753,27.1634850218686,61.4996256304455,21.6979434561776
"754",754,28.5705082674425,67.0856687128675,21.0018186635891
"755",755,28.3854312796603,66.3508919203954,23.4239885244109
"756",756,27.3593689584828,62.2773072448207,15.6312170646543
"757",757,33.149973600576,85.2666694360704,29.5442722129681
"758",758,30.4905394771285,74.7084120404138,28.3484685119254
"759",759,32.2339184010803,81.6298256054111,24.2526394826584
"760",760,25.5841492691805,55.2294822025544,18.0266226010251
"761",761,31.2270653612123,77.6325039719107,18.1710105450871
"762",762,26.7618201868882,59.9049703324944,21.2209793822247
"763",763,35.8413058246777,95.9515659367042,21.050091983204
"764",764,30.396397625138,74.3346581292881,15.0765681251461
"765",765,24.8431210970854,52.287515673122,19.0605387154626
"766",766,26.9756378048209,60.7538507112018,21.8184498523986
"767",767,23.9898037206212,48.8997481697043,20.3566530649034
"768",768,28.8196457962215,68.0747731740664,19.7624566821662
"769",769,27.1033115327059,61.2607300017201,21.7036381386542
"770",770,24.7975259043473,52.1064975472397,22.9651474577939
"771",771,29.2024359576078,69.5944938608125,24.175041156424
"772",772,18.7311933240695,28.0224639306447,23.5884378516439
"773",773,28.9453546862923,68.5738518339165,20.6383991712909
"774",774,31.1869339030032,77.4731774965155,15.6444586714993
"775",775,26.0262865678562,56.9848178066513,17.2101763952543
"776",776,28.6654543680681,67.4626155829856,20.2914749359328
"777",777,37.5883988577125,102.887724939217,20.8964982610836
"778",778,26.9604829077464,60.6936840378834,23.841327106687
"779",779,28.9406371210601,68.5551225608116,18.9497310890586
"780",780,25.7759995725219,55.9911498318645,23.5358073857261
"781",781,27.1503811783546,61.4476018741606,21.2653010492557
"782",782,30.1899891913414,73.5151930583377,20.7330070772377
"783",783,23.9047272183482,48.5619847329639,17.9890469084711
"784",784,28.3085412964545,66.0456298999241,19.197157945439
"785",785,25.4745482113264,54.7943534774407,22.3382772922367
"786",786,28.8103121794962,68.0377176490021,21.3051618763554
"787",787,29.1198033865274,69.266433110204,21.3319331333249
"788",788,23.0156596418679,45.0322848498764,23.5361716611054
"789",789,25.9333363176629,56.6157946908395,25.0503181145829
"790",790,30.2243279067203,73.6515216826905,23.5826726168905
"791",791,22.7633842549537,44.0307227332798,17.7399324216495
"792",792,28.0810784655502,65.1425764663166,26.1313727171247
"793",793,35.4952977668674,94.5778744046889,18.7978103703438
"794",794,26.369393847648,58.3469929184265,24.1520218847971
"795",795,31.7249309121117,79.6090871060744,22.0555333118342
"796",796,29.8962791431194,72.3491306011115,19.2400969550189
"797",797,28.3930766089288,66.3812447513155,21.8620744118791
"798",798,23.9906365047768,48.9030544179741,26.5168086851074
"799",799,27.1404880298134,61.4083249438431,24.555916098633
"800",800,30.619877918472,75.2219004336093,19.1431559068734
"801",801,27.4577710278013,62.6679747056049,27.4236417804139
"802",802,27.3850173282216,62.3791342038316,20.0296361003579
"803",803,27.4084900324688,62.4723235222019,22.2529265384439
"804",804,30.7568950774705,75.7658742134345,23.3414915828163
"805",805,27.1489830424349,61.4420511147779,22.2251508531911
"806",806,32.8100954836559,83.9173144699313,19.0070470123996
"807",807,30.5046020908177,74.7642422238641,15.4088944386059
"808",808,29.7375253818003,71.7188600259701,25.1345618937291
"809",809,29.0687674711987,69.0638146938603,19.03622608822
"810",810,29.1413685372904,69.3520492232428,23.2977927530277
"811",811,29.4948827922484,70.7555412157581,16.8476486675833
"812",812,30.4932644111015,74.7192303396977,23.5269146417421
"813",813,30.1338538035574,73.2923291535684,23.0808017563286
"814",814,30.0806022294853,73.0809143188033,20.7762543442436
"815",815,28.8863416728679,68.3395634264939,21.4952449367624
"816",816,28.0599605334387,65.0587358624333,23.0200027654224
"817",817,24.882674303342,52.4445464221821,18.9908537833217
"818",818,25.5057609641097,54.9182716730474,21.9619814334708
"819",819,27.9118291229102,64.4706372338747,23.116172070248
"820",820,29.6910714252111,71.5344325094579,19.2326546244226
"821",821,30.1630857665219,73.4083833872262,13.338952830817
"822",822,25.7438293037801,55.8634301884757,21.7368274307843
"823",823,27.7951954433128,64.0075881967376,21.2138216230768
"824",824,29.9207998865588,72.4464807548466,24.0829727031502
"825",825,26.004321203166,56.8976127985847,16.0492005876056
"826",826,25.4942391485617,54.8725287485851,21.7336618772458
"827",827,28.0733302101389,65.111815006847,17.5211222428246
"828",828,27.1167018268228,61.3138909996344,22.6868886927914
"829",829,28.3012859803344,66.0168254657748,24.2732199136
"830",830,25.5402092440818,55.0550352813566,23.5513557680037
"831",831,29.5215778487668,70.8615236409015,25.2059934431836
"832",832,26.5682870571577,59.1366216901027,20.4783058631725
"833",833,23.9930227671228,48.9125281521948,20.2139955435348
"834",834,28.9615799582282,68.6382680177594,21.9462127573149
"835",835,34.0827913996832,88.9700627028513,16.5365805146207
"836",836,26.3608688917025,58.3131478690734,25.0838486791912
"837",837,27.809665541512,64.0650361402607,20.2826425760272
"838",838,29.4898634187777,70.7356137294551,20.4184372300785
"839",839,28.2436852670986,65.7881440515015,16.5952601553639
"840",840,29.4393686732017,70.5351438188755,24.5788613769357
"841",841,30.4539091990366,74.5629856502059,27.1379618841074
"842",842,31.803856515117,79.9224307697849,19.8956745765316
"843",843,25.7837078684712,56.0217526477032,21.7543344482799
"844",844,29.989884929197,72.7207562693004,19.8632432479921
"845",845,30.209147823611,73.5912550179358,17.4324843715066
"846",846,27.5755359370958,63.1355148539184,23.7370830766104
"847",847,28.8540333750705,68.2112957919798,15.5284535249188
"848",848,24.9115731502578,52.5592781470568,20.6146582407948
"849",849,25.9720566717237,56.769518921502,18.2247397022178
"850",850,27.131533100085,61.3727728494335,19.6360327706006
"851",851,32.4707340725404,82.5700108848867,17.3988666310435
"852",852,27.5102063543211,62.8761489443049,17.6309981518068
"853",853,29.4748337305881,70.6759441497188,26.1502222115598
"854",854,28.9559053182793,68.6157390486528,18.7527360571985
"855",855,28.1052085625331,65.2383757089755,23.9140500714963
"856",856,27.6171977005086,63.300916815859,16.4301471587593
"857",857,28.4776948404799,66.7171888009177,16.8545569912631
"858",858,21.5239820045843,39.1101541578899,16.1867728620502
"859",859,24.400737468611,50.5312021115729,21.5015447733778
"860",860,29.1019640776584,69.1956090152812,20.4438065606156
"861",861,30.6217816014481,75.2294582725812,20.522932441165
"862",862,28.5476741170624,66.995014526325,22.299457840931
"863",863,25.830162778351,56.2061839488879,21.9717438413709
"864",864,27.5947250146889,63.2116976849302,15.1138698392933
"865",865,24.199677942401,49.7329728150253,20.9269935934798
"866",866,26.3712192279379,58.3542398867856,21.1539130803203
"867",867,30.2747765188975,73.8518084384049,20.0936267110337
"868",868,27.4749759347343,62.7362801523409,20.270291602374
"869",869,31.6976472626169,79.500767899549,21.8909885515956
"870",870,28.8936980803521,68.3687692049115,18.4668830548276
"871",871,29.9976464488312,72.7515703892504,25.4065680460404
"872",872,29.5683322480109,71.0471439490888,21.5034659468257
"873",873,22.7499210292118,43.9772721884795,23.538840779337
"874",874,31.66488919757,79.3707146376539,21.5326351499632
"875",875,25.3829315254061,54.4306247641946,22.0399593159621
"876",876,29.5437706677067,70.9496316683337,21.8017822666759
"877",877,26.6844569514819,59.5978294467028,21.3682990696276
"878",878,25.5752267186627,55.1940586573111,24.2432885773774
"879",879,24.8697786626091,52.3933492547322,22.6350734602496
"880",880,25.4930693827348,54.8678846445691,16.0641207298739
"881",881,28.2315429873811,65.7399378133785,20.8132310687155
"882",882,28.2693306036069,65.8899589682408,19.9830773058212
"883",883,31.2121729677251,77.5733794678332,18.9167651214226
"884",884,30.3722408987207,74.2387531647313,15.7945735033689
"885",885,29.7276340332006,71.679590241626,20.9632481590819
"886",886,28.2666589958214,65.8793523800155,19.0348374526071
"887",887,28.4164973727697,66.4742278603364,20.4947771796633
"888",888,28.7105342784697,67.6415879791043,25.1213010495987
"889",889,25.8600758941768,56.3249424372486,19.8781557391651
"890",890,25.6952175329891,55.6704359029826,20.8088056750651
"891",891,28.3963476925005,66.3942313269212,22.1127893404723
"892",892,25.5027280387345,54.906230612699,20.7442503208882
"893",893,25.9827288306611,56.8118886121198,19.3522331301866
"894",894,28.844821887741,68.1747251345741,20.6845551291731
"895",895,21.2950671083874,38.2013358591257,23.6081282871384
"896",896,30.0898374940207,73.117579374434,18.108649465085
"897",897,29.9046222540885,72.3822537051266,17.8662586599629
"898",898,31.9543809158816,80.5200298430565,26.7841545866449
"899",899,30.5930690763996,75.1154662668124,20.352444964128
"900",900,28.4684051894203,66.680307824571,19.5098215427935
"901",901,30.8951011737941,76.3145682103142,22.6391884781122
"902",902,31.3127722138162,77.9727699715025,28.7114871365946
"903",903,28.0930101575851,65.1899466472731,18.6380717088911
"904",904,23.6250904230884,47.4517946983175,20.2783428920001
"905",905,28.330653429242,66.1334175941101,12.8913846410285
"906",906,23.6875415001881,47.6997326114402,23.6411127774162
"907",907,31.848711563536,80.1005104381348,18.0797790810458
"908",908,19.5383904034685,31.2271285839915,19.0456716645802
"909",909,31.7621951827887,79.7570305192992,24.1766713554485
"910",910,29.5971865177713,71.1616986975626,23.2184262102383
"911",911,30.506973475967,74.7736568939138,19.697140962587
"912",912,25.1935766058035,53.678864093505,20.4928184955024
"913",913,21.2085955447294,37.8580338692562,20.78084127044
"914",914,25.4681563387212,54.7689770127216,23.0021436090487
"915",915,29.8564479492927,72.1909962096294,19.6122907833946
"916",916,24.6117515381329,51.3689520826941,22.6910284767308
"917",917,29.2886768275917,69.9368799704314,14.0917947005663
"918",918,29.0982221364743,69.180753081144,19.4090210204434
"919",919,28.2859213373734,65.9558260773169,19.1866488892087
"920",920,31.3584435048851,78.1540902164547,24.3758421542523
"921",921,27.2362505178676,61.7885129653513,15.4392954219109
"922",922,26.7370678869848,59.8067008731346,18.0479733362608
"923",923,27.5056052271737,62.8578819437035,16.6019479778084
"924",924,28.01199873484,64.868322040824,16.7573780894728
"925",925,27.0527589384868,61.0600304254165,16.8223496035104
"926",926,28.7423089502433,67.7677370573202,20.1962879105423
"927",927,29.5469408949366,70.9622178327363,22.7080116935802
"928",928,27.7893419152535,63.9843490213889,23.1048144118244
"929",929,28.1791108421123,65.5317762046085,23.6254158544891
"930",930,25.2993002141205,54.0985989008335,20.7984060021903
"931",931,26.1386970413446,57.431100232899,21.6558503905261
"932",932,27.6833703379069,63.5636297486747,18.3795264653968
"933",933,27.2106438859326,61.6868517101909,21.4437515317085
"934",934,27.3717638021664,62.3265161907527,18.3080310183154
"935",935,28.1872768551013,65.5641962094037,18.4216857455923
"936",936,22.7644003290124,44.0347566634121,18.8168601408739
"937",937,32.1562611906188,81.321517605054,23.4922069091146
"938",938,29.7383280128743,71.7220465630605,20.7735756271165
"939",939,22.3070106705965,42.2188674480753,21.4535840802034
"940",940,29.3594297113152,70.2177770045979,20.4798598963682
"941",941,24.994206020826,52.887340086666,21.0074648975164
"942",942,23.9330652077247,48.674489789312,18.6025431928381
"943",943,34.0844490260979,88.9766436691548,21.8543351877368
"944",944,27.2957530766026,62.0247449236031,20.0939767414275
"945",945,30.553193421096,74.9571553581857,24.568827316105
"946",946,30.1082840359558,73.1908142540249,21.9511645938502
"947",947,28.3000563535912,66.0119437070799,24.9931604665032
"948",948,26.6136280372534,59.3166305627425,18.20752789565
"949",949,24.3205160046343,50.2127137317125,20.1832674764719
"950",950,27.3235455206913,62.1350841028128,21.961868839817
"951",951,24.6113490611853,51.3673542032161,22.5599775326115
"952",952,24.8087111679252,52.1509043219187,16.2227975145364
"953",953,31.0318481590313,76.8574693694311,21.407324064742
"954",954,22.3581725379294,42.4219859082699,16.7647154367688
"955",955,29.0126192634181,68.8408998922393,20.112340062585
"956",956,24.9327065200244,52.6431800401951,17.0435607272884
"957",957,26.4674159839947,58.7361520018931,20.8732281238755
"958",958,26.2253477886738,57.7751136024208,20.7269860535964
"959",959,28.4407028230248,66.5703262640978,19.3979241439919
"960",960,27.1487290337168,61.4410426711381,18.3754565389794
"961",961,33.9338934187881,88.3789207023323,19.289614141758
"962",962,26.9970999523117,60.8390578894785,24.5853886326002
"963",963,28.4028914509319,66.420210795728,20.3434529315031
"964",964,26.639115693122,59.4178194693223,22.8548537372754
"965",965,24.5570891065645,51.151935982433,21.0850498660131
"966",966,26.2125593285424,57.7243419542077,18.1601125106292
"967",967,31.4531580305968,78.5301177076999,22.1030868356032
"968",968,29.0127933358812,68.8415909798111,23.1337087720856
"969",969,29.4267291613758,70.4849635124576,20.3697908943946
"970",970,29.4613043006968,70.6222307668793,17.39495280837
"971",971,25.3030176230401,54.1133574390775,20.707660923436
"972",972,28.5965193581808,67.1889357156992,18.6134915840056
"973",973,32.522116997401,82.7740069687292,20.502795720984
"974",974,24.3341920117915,50.2670090430486,20.9056563012397
"975",975,21.5591763056779,39.2498795553081,26.8688021095552
"976",976,29.5523263941896,70.9835988802366,19.2504906392594
"977",977,26.5948157078219,59.241943464988,20.1733240181358
"978",978,35.7910401507402,95.7520054667084,20.6300339507135
"979",979,22.1191812066767,41.4731630107785,16.5922260525124
"980",980,24.4209693261935,50.6115248983136,21.7567499202711
"981",981,23.9686537401482,48.8157803301635,19.1333314906042
"982",982,28.3423809885054,66.1799773446353,26.2483521670664
"983",983,26.4171502829559,58.5365914243018,18.3819108924051
"984",984,27.2925022441242,62.0118387471519,23.6780042192548
"985",985,32.2016945556134,81.5018932563003,19.3933660362391
"986",986,28.4900235590687,66.7661352226663,21.7138969383778
"987",987,27.7453505138798,63.809698130508,15.7073611129216
"988",988,24.9422770989032,52.6811763320894,25.0523584393853
"989",989,28.0779020503512,65.1299657349693,18.7166404352285
"990",990,29.3487586175483,70.1754115428289,21.5449692524408
"991",991,27.0762437722865,61.1532678994959,26.6362042519399
"992",992,31.1860265330182,77.469575133979,22.5247750297128
"993",993,29.5836825486741,71.1080863969855,18.2916532200624
"994",994,34.0184808355013,88.7147424135067,16.1025118984047
"995",995,26.6827732615845,59.5911450053946,17.6755322102548
"996",996,28.1459442718923,65.4001011304916,21.0788842733798
"997",997,24.7672541691123,51.9863152988411,21.3363210040654
"998",998,31.3365493751236,78.0671680191954,19.9755664277271
"999",999,30.0910197457669,73.1222730489764,24.2535847142955
"1000",1000,26.5964042137136,59.2482500149157,22.4573329840292
